URL,Estado,Tipo de Propiedad,Precio,Tamaño de la propiedad,Parqueos,Dormitorios,Baños,ID de la propiedad,Ciudad,Área,Sub-Sector/Proyecto,Google Maps
https://mapainmueble.com/properties/renta-de-apartamento-en-zona-14-santa-ines-del-parque-de-2-dormitorios-daa43462/,Alquiler,Apartamento,"$ 2,200",152 m²,2,2,2.5,DAA43462,"*Guatemala, Ciudad",Zona 14,Santa Inés del Parque,https://maps.google.com/?q=zona+14%2C+Guatemala%2C%2AGuatemala%2C+Ciudad
https://mapainmueble.com/properties/apartamento-en-alquiler-zona-14-santa-ines-del-parque-daa42948/,Alquiler,Apartamento,"$ 2,200",150 m²,2,2,2.5,DAA42948,"*Guatemala, Ciudad",Zona 14,Santa Inés del Parque,https://maps.google.com/?q=zona+14%2C+Guatemala%2C%2AGuatemala%2C+Ciudad
https://mapainmueble.com/properties/apartamento-en-alquiler-zona-14-santa-ines-de-3-habitaciones-amueblado-daa42144/,Alquiler,Apartamento,"$ 3,499",252 m²,3,3,3.5,DAA42144,"*Guatemala, Ciudad",Zona 14,Santa Inés,https://maps.google.com/?q=zona+14%2C+Guatemala%2C%2AGuatemala%2C+Ciudad
https://mapainmueble.com/properties/apartamento-en-alquiler-santa-ines-zona-14-amueblado-de-3-dormitorios-daa41616/,Alquiler,Apartamento,"$ 3,499",252 m²,3,3,3.5,DAA41616,"*Guatemala, Ciudad",Zona 14,Santa Inés,https://maps.google.com/?q=zona+14%2C%2AGuatemala%2C+Ciudad
https://mapainmueble.com/properties/apartamento-en-renta-en-edificio-tadeus-zona-14-ciudad-de-guatemala-caa13501/,Alquiler,Apartamento,"$ 2,200",295 m²,2,2,2,CAA13501,"*Guatemala, Ciudad",Zona 14,Tadeus,https://maps.google.com/?q=Edificio+Tadeus%2C+zona+14.%2C%2AGuatemala%2C+Ciudad
https://mapainmueble.com/properties/exclusivo-apartamento-en-renta-tiffany-zona-14-caa13500/,Alquiler,Apartamento,"$ 3,200",202 m²,3,3,2.5,CAA13500,"*Guatemala, Ciudad",Zona 14,Tiffany Cañada,https://maps.google.com/?q=%2C%2AGuatemala%2C+Ciudad
https://mapainmueble.com/properties/apartamento-alquiler-attica-2-daa43655/,Alquiler,Apartamento,"$ 1,500",193 m²,2,2,3.5,DAA43655,"*Guatemala, Ciudad",Zona 14,Attica II,https://maps.google.com/?q=%2C%2AGuatemala%2C+Ciudad
https://mapainmueble.com/properties/alquiler-apartamento-zona-14-amueblado-daa43643/,Alquiler,Apartamento,"$ 1,800",125 m²,2,2,2,DAA43643,"*Guatemala, Ciudad",Zona 14,No disponible,https://maps.google.com/?q=%2C%2AGuatemala%2C+Ciudad
https://mapainmueble.com/properties/apartamento-en-renta-zona-14-santa-ines-del-parque-daa43641/,Alquiler,Apartamento,"$ 2,200",160 m²,2,2,2.5,DAA43641,"*Guatemala, Ciudad",Zona 14,Santa Inés del Parque,https://maps.google.com/?q=ZONA+14%2C%2AGuatemala%2C+Ciudad
https://mapainmueble.com/properties/apartamento-en-renta-zona-14-daa43639/,Alquiler,Apartamento,"$ 2,200",295 m²,2,2,2.5,DAA43639,"*Guatemala, Ciudad",Zona 14,Tadeus,https://maps.google.com/?q=ZONA+14%2C%2AGuatemala%2C+Ciudad
https://mapainmueble.com/properties/apartamento-en-renta-en-tadeus-zona-14-daa43636/,Alquiler,Apartamento,"$ 2,800",295 m²,2,2,2.5,DAA43636,"*Guatemala, Ciudad",Zona 14,Tadeus,https://maps.google.com/?q=%2C%2AGuatemala%2C+Ciudad
https://mapainmueble.com/properties/apartamento-en-renta-zona-14-daa43631/,Alquiler,Apartamento,"$ 2,200",295 m²,2,2,2.5,DAA43631,"*Guatemala, Ciudad",Zona 14,Tadeus,https://maps.google.com/?q=%2C%2AGuatemala%2C+Ciudad
https://mapainmueble.com/properties/apartamento-en-renta-tadeus-zona-14-daa43629/,Alquiler,Apartamento,"$ 2,700",295 m²,2,2,2.5,DAA43629,"*Guatemala, Ciudad",Zona 14,Tadeus,https://maps.google.com/?q=%2C%2AGuatemala%2C+Ciudad
https://mapainmueble.com/properties/renta-apartamento-benevento-daa43626/,Alquiler,Apartamento,$ 900,96 m²,2,1,1,DAA43626,"*Guatemala, Ciudad",Zona 14,Benevento,https://maps.google.com/?q=%2C%2AGuatemala%2C+Ciudad
https://mapainmueble.com/properties/apartamento-en-echo-zona-14-daa43616/,Alquiler,Apartamento,"$ 2,500",145 m²,2,2,2.5,DAA43616,"*Guatemala, Ciudad",Zona 14,Echo,https://maps.google.com/?q=%2C%2AGuatemala%2C+Ciudad
https://mapainmueble.com/properties/apartamento-en-renta-y-venta-zona-14-daa43607/,Alquiler,Apartamento,"$ 2,500",146 m²,2,2,2.5,DAA43607,"*Guatemala, Ciudad",Zona 14,Echo,https://maps.google.com/?q=%2C%2AGuatemala%2C+Ciudad
https://mapainmueble.com/properties/apartamento-amueblado-en-renta-zona-14-codigoca34654-caa13491/,Alquiler,Apartamento,$ 900,70 m²,2,2,1,CAA13491,"*Guatemala, Ciudad",Zona 14,No disponible,https://maps.google.com/?q=%2C%2AGuatemala%2C+Ciudad
https://mapainmueble.com/properties/apartamento-en-renta-zona-14-area-de-las-americas-daa43589/,Alquiler,Apartamento,"$ 2,200",160 m²,2,2,2.5,DAA43589,"*Guatemala, Ciudad",Zona 14,No disponible,https://maps.google.com/?q=%2C%2AGuatemala%2C+Ciudad
https://mapainmueble.com/properties/apartamento-en-renta-zona-14-area-de-las-americas-daa43589/,Alquiler,Apartamento,"$ 2,200",160 m²,2,2,2.5,DAA43589,"*Guatemala, Ciudad",Zona 14,No disponible,https://maps.google.com/?q=%2C%2AGuatemala%2C+Ciudad
https://mapainmueble.com/properties/apartamento-amueblado-en-renta-zona-14-tiffany-5taavenida-daa43586/,Alquiler,Apartamento,"$ 1,850",125 m²,2,2,2,DAA43586,"*Guatemala, Ciudad",Zona 14,Tiffany 5ta Avenida,https://maps.google.com/?q=%2C%2AGuatemala%2C+Ciudad
https://mapainmueble.com/properties/apartamento-en-zona-14-en-renta-daa43582/,Alquiler,Apartamento,"$ 2,200",195 m²,2,2,2.5,DAA43582,"*Guatemala, Ciudad",Zona 14,Santa Inés del Parque,https://maps.google.com/?q=%2C%2AGuatemala%2C+Ciudad
https://mapainmueble.com/properties/apartamento-en-alquiler-parque-14-daa43570/,Alquiler,Apartamento,"$ 1,200",102 m²,2,3,2,DAA43570,"*Guatemala, Ciudad",Zona 14,Parque Las Americas,https://maps.google.com/?q=%2C%2AGuatemala%2C+Ciudad
https://mapainmueble.com/properties/apto-en-renta-en-santa-ines-del-parque-zona-14-daa43567/,Alquiler,Apartamento,"$ 2,200",160 m²,2,2,2.5,DAA43567,"*Guatemala, Ciudad",Zona 14,Santa Inés del Parque,https://maps.google.com/?q=%2C%2AGuatemala%2C+Ciudad
https://mapainmueble.com/properties/apartamento-en-renta-zona-14-daa43564/,Alquiler,Apartamento,"$ 2,200",160 m²,2,2,2.5,DAA43564,"*Guatemala, Ciudad",Zona 14,Santa Inés,https://maps.google.com/?q=%2C%2AGuatemala%2C+Ciudad
https://mapainmueble.com/properties/rento-apto-2-hab-z14-edif-santorini-europlaza-ref6716-92m2-2-hab-2-banos-2-parqueos-linea-blanca-750-caa13484/,Alquiler,Apartamento,$ 750,96 m²,2,2,2,CAA13484,"*Guatemala, Ciudad",Zona 14,No disponible,https://maps.google.com/?q=%2C%2AGuatemala%2C+Ciudad
https://mapainmueble.com/properties/alquiler-de-apartamento-de-3-dormitorios-attica-zona-14-daa42956/,Alquiler,Apartamento,"$ 1,625",139 m²,2,3,3,DAA42956,"*Guatemala, Ciudad",Zona 14,Attica,https://maps.google.com/?q=%2C%2AGuatemala%2C+Ciudad
https://mapainmueble.com/properties/se-renta-increible-pent-house-en-avita-zona-14-daa43560/,Alquiler,Apartamento,"$ 7,500",809 m²,4,4,5,DAA43560,"*Guatemala, Ciudad",Zona 14,Avita,https://maps.google.com/?q=%2C%2AGuatemala%2C+Ciudad
https://mapainmueble.com/properties/apartamento-en-renta-zona-14-la-villa-daa43557/,Alquiler,Apartamento,"$ 1,000",106 m²,2,2,2,DAA43557,"*Guatemala, Ciudad",Zona 14,Segheria,https://maps.google.com/?q=zona+14.%2C%2AGuatemala%2C+Ciudad
https://mapainmueble.com/properties/apartamento-amueblado-en-renta-zona-14-daa43545/,Alquiler,Apartamento,"$ 1,800",No disponible,2,2,2.5,DAA43545,"*Guatemala, Ciudad",Zona 14,No disponible,https://maps.google.com/?q=14%2C%2AGuatemala%2C+Ciudad
https://mapainmueble.com/properties/apartamento-en-alquiler-amueblado-zona-14-daa43541/,Alquiler,Apartamento,$ 900,120 m²,2,2,2,DAA43541,"*Guatemala, Ciudad",Zona 14,Santorini,https://maps.google.com/?q=%2C%2AGuatemala%2C+Ciudad
https://mapainmueble.com/properties/zona-14-cerca-europlaza-daa43533/,Alquiler,Apartamento,$ 875,72 m²,1,1,1,DAA43533,"*Guatemala, Ciudad",Zona 14,Almeira,https://maps.google.com/?q=A+2+cuadras+de+Europlaza+y+1+cuadra+de+La+Noria+centro+comercial.+Cerca+de+todo.%2C%2AGuatemala%2C+Ciudad
https://mapainmueble.com/properties/apartamento-en-garces-de-la-villa-la-villa-zona-14-de-3-habitaciones-agt1888-daa27200/,Alquiler,Apartamento,$ 805,89 m²,2,3,2,DAA27200,"*Guatemala, Ciudad",Zona 14,Garcés de La Villa,https://maps.google.com/?q=%2C%2AGuatemala%2C+Ciudad
https://mapainmueble.com/properties/en-venta-o-renta-apartamento-de-3-habitaciones-en-la-villa-zona-14-daa43530/,Alquiler,Apartamento,"$ 1,150",88 m²,2,3,2,DAA43530,"*Guatemala, Ciudad",Zona 14,Be14,https://maps.google.com/?q=%2C%2AGuatemala%2C+Ciudad
https://mapainmueble.com/properties/apartamento-en-renta-en-santa-ines-del-parque-zona-14-daa43526/,Alquiler,Apartamento,"$ 2,200",159 m²,2,2,2,DAA43526,"*Guatemala, Ciudad",Zona 14,Santa Inés del Parque,https://maps.google.com/?q=%2C%2AGuatemala%2C+Ciudad
https://mapainmueble.com/properties/renta-de-apartamento-amueblado-en-zona-14-daa43516/,Alquiler,Apartamento,"$ 1,100",90 m²,1,2,2,DAA43516,"*Guatemala, Ciudad",Zona 14,No disponible,https://maps.google.com/?q=PAA-003-06-21%2C%2AGuatemala%2C+Ciudad
https://mapainmueble.com/properties/apartamento-en-alquiler-edificio-antiguo-zona-14-caa13474/,Alquiler,Apartamento,"$ 1,000",175 m²,2,2,2.5,CAA13474,"*Guatemala, Ciudad",Zona 14,No disponible,https://maps.google.com/?q=%2C%2AGuatemala%2C+Ciudad
https://mapainmueble.com/properties/apartamento-amueblado-en-renta-edificio-zona-14-daa43494/,Alquiler,Apartamento,$ 950,No disponible,No disponible,1,1.5,DAA43494,"*Guatemala, Ciudad",Zona 14,No disponible,https://maps.google.com/?q=%2C%2AGuatemala%2C+Ciudad
https://mapainmueble.com/properties/apartamento-elegante-edif-villa-risho-zona-14-daa43492/,Alquiler,Apartamento,"$ 2,200",200 m²,2,2,2.5,DAA43492,"*Guatemala, Ciudad",Zona 14,Villa Risho,https://maps.google.com/?q=Edificio+villa+risho+zona+14%2C%2AGuatemala%2C+Ciudad
https://mapainmueble.com/properties/apartamento-amueblado-en-zona-14-daa43484/,Alquiler,Apartamento,$ 875,72 m²,1,1,1,DAA43484,"*Guatemala, Ciudad",Zona 14,No disponible,https://maps.google.com/?q=%2C%2AGuatemala%2C+Ciudad
https://mapainmueble.com/properties/zona-14-apartamento-amueblado-daa43478/,Alquiler,Apartamento,$ 900,70 m²,2,2,1,DAA43478,"*Guatemala, Ciudad",Zona 14,No disponible,https://maps.google.com/?q=zona+14%2C%2AGuatemala%2C+Ciudad
https://mapainmueble.com/properties/amplio-apartamento-amueblado-daa43476/,Alquiler,Apartamento,"$ 2,200",249 m²,2,3,2.5,DAA43476,"*Guatemala, Ciudad",Zona 14,Pacífica Plaza,https://maps.google.com/?q=%2C%2AGuatemala%2C+Ciudad
https://mapainmueble.com/properties/apartamento-amueblado-5ta-ave-zona-14-de-1-hab-agt2493-daa43473/,Alquiler,Apartamento,"$ 1,000",100 m²,1,1,2,DAA43473,"*Guatemala, Ciudad",Zona 14,No disponible,https://maps.google.com/?q=%2C%2AGuatemala%2C+Ciudad
https://mapainmueble.com/properties/apartamento-amueblado-en-renta-zona-14-cobella-daa43451/,Alquiler,Apartamento,$ 875,72 m²,1,1,1,DAA43451,"*Guatemala, Ciudad",Zona 14,Cobella,https://maps.google.com/?q=%2C%2AGuatemala%2C+Ciudad
https://mapainmueble.com/properties/hermoso-apartamento-en-alquiler-aoki-zona-14-caa13440/,Alquiler,Apartamento,$ 775,No disponible,3,1,1.5,CAA13440,"*Guatemala, Ciudad",Zona 14,AOKI,https://maps.google.com/?q=%2C%2AGuatemala%2C+Ciudad
https://mapainmueble.com/properties/apartamento-en-alquiler-edificio-cobella-zona-14-n4-en-directo-02-DAA31487/,Alquiler,Apartamento,$ 875,72 m²,1,1,1,DAA31487,"*Guatemala, Ciudad",Zona 14,Cobella,https://maps.google.com/?q=%2C%2AGuatemala%2C+Ciudad
https://mapainmueble.com/properties/apartamento-amoblado-en-renta-en-zona-14-daa43442/,Alquiler,Apartamento,"$ 1,250",106 m²,1,2,2,DAA43442,"*Guatemala, Ciudad",Zona 14,Vivaldi,https://maps.google.com/?q=%2C%2AGuatemala%2C+Ciudad
https://mapainmueble.com/properties/apartamento-en-renta-3-habitaciones-en-segheria-zona-14-la-villa-daa43430/,Alquiler,Apartamento,"$ 1,400",136 m²,2,3,2.5,DAA43430,"*Guatemala, Ciudad",Zona 14,Segheria,https://maps.google.com/?q=%2C%2AGuatemala%2C+Ciudad
https://mapainmueble.com/properties/apartamento-en-tiffany-canada-zona-14-daa43390/,Alquiler,Apartamento,"$ 3,200",203 m²,3,3,2.5,DAA43390,"*Guatemala, Ciudad",Zona 14,Tiffany Cañada,https://maps.google.com/?q=%2C%2AGuatemala%2C+Ciudad
https://mapainmueble.com/properties/apartamento-en-renta-zona-14-attica-daa43387/,Alquiler,Apartamento,"$ 1,250",139 m²,2,3,2.5,DAA43387,"*Guatemala, Ciudad",Zona 14,Attica,https://maps.google.com/?q=12+calle+6-10%2C+zona+14%2C%2AGuatemala%2C+Ciudad
https://mapainmueble.com/properties/hermoso-apartamento-en-alquiler-pacifica-plaza-zona-14-caa13425/,Alquiler,Apartamento,"$ 2,000",No disponible,2,4,2.5,CAA13425,"*Guatemala, Ciudad",Zona 14,Pacífica Plaza,https://maps.google.com/?q=%2C%2AGuatemala%2C+Ciudad
https://mapainmueble.com/properties/apartamento-en-renta-en-edificio-attica-ii-zona-14-ciudad-de-guatemala-caa13424/,Alquiler,Apartamento,"$ 1,250",139 m²,2,3,2.5,CAA13424,"*Guatemala, Ciudad",Zona 14,Attica II,https://maps.google.com/?q=Edificio+Atiica+II%2C%2AGuatemala%2C+Ciudad
https://mapainmueble.com/properties/tiffany-canada-3-habitaciones-daa43380/,Alquiler,Apartamento,"$ 3,565",202 m²,3,3,2.5,DAA43380,"*Guatemala, Ciudad",Zona 14,Tiffany Cañada,https://maps.google.com/?q=%2C%2AGuatemala%2C+Ciudad
https://mapainmueble.com/properties/loft-en-renta-edificio-aoki-zona-14-daa43379/,Alquiler,Apartamento,"$ 1,500",105 m²,2,2,2,DAA43379,"*Guatemala, Ciudad",Zona 14,AOKI,https://maps.google.com/?q=%2C%2AGuatemala%2C+Ciudad
https://mapainmueble.com/properties/apartamento-en-alquiler-terra-delfines-zona-14-sector-la-villa-daa43375/,Alquiler,Apartamento,$ 850,54 m²,2,2,2,DAA43375,"*Guatemala, Ciudad",Zona 14,No disponible,https://maps.google.com/?q=%2C%2AGuatemala%2C+Ciudad
https://mapainmueble.com/properties/apartamento-en-renta-zona-14-attica-ii-daa43361/,Alquiler,Apartamento,"$ 1,475",139 m²,2,3,2.5,DAA43361,"*Guatemala, Ciudad",Zona 14,Attica II,https://maps.google.com/?q=%2C%2AGuatemala%2C+Ciudad
https://mapainmueble.com/properties/hermoso-apartamento-en-alquiler-pacifica-plaza-zona-14-caa13423/,Alquiler,Apartamento,"$ 1,100",No disponible,2,2,2,CAA13423,"*Guatemala, Ciudad",Zona 14,Pacífica Plaza,https://maps.google.com/?q=%2C%2AGuatemala%2C+Ciudad
https://mapainmueble.com/properties/apartamento-en-renta-rialto-zona-14-d-daa42654/,Alquiler,Apartamento,"$ 1,500",86 m²,2,1,1.5,DAA42654,"*Guatemala, Ciudad",Zona 14,Casa Rialto,https://maps.google.com/?q=4+ave+y+18+calle+zona+14%2C%2AGuatemala%2C+Ciudad
https://mapainmueble.com/properties/zona-14-alquilo-apartamento-de-3-habitaciones-daa43353/,Alquiler,Apartamento,"$ 1,480",139 m²,2,3,2.5,DAA43353,"*Guatemala, Ciudad",Zona 14,Attica II,https://maps.google.com/?q=12+calle+y+6ta+avenida+zona+14%2C+Attica+II%2C%2AGuatemala%2C+Ciudad
https://mapainmueble.com/properties/apartamento-en-alquiler-en-exclusivo-sector-zona-14-daa43351/,Alquiler,Apartamento,"$ 3,900",415 m²,4,3,3.5,DAA43351,"*Guatemala, Ciudad",Zona 14,No disponible,https://maps.google.com/?q=%2C%2AGuatemala%2C+Ciudad
https://mapainmueble.com/properties/apartamento-en-renta-en-condado-la-villa-2-habitaciones-daa43342/,Alquiler,Apartamento,$ 750,88 m²,1,2,2,DAA43342,"*Guatemala, Ciudad",Zona 14,No disponible,https://maps.google.com/?q=Z+15%2C%2AGuatemala%2C+Ciudad
https://mapainmueble.com/properties/apartamento-en-renta-con-muebles-en-zona-14-daa43337/,Alquiler,Apartamento,"$ 1,250",106 m²,1,2,2,DAA43337,"*Guatemala, Ciudad",Zona 14,Vivaldi,https://maps.google.com/?q=%2C%2AGuatemala%2C+Ciudad
https://mapainmueble.com/properties/apartamento-amueblado-y-equipado-en-alquiler-edificio-villa-risho-zona-14-CAA12097/,Alquiler,Apartamento,"$ 3,000",325 m²,2,2,2.5,CAA12097,"*Guatemala, Ciudad",Zona 14,Villa Risho,https://maps.google.com/?q=%2C%2AGuatemala%2C+Ciudad
https://mapainmueble.com/properties/apartamento-en-alquiler-edificio-attica-2-zona-14-caa6536/,Alquiler,Apartamento,"$ 1,600",193 m²,2,3,2.5,CAA6536,"*Guatemala, Ciudad",Zona 14,Attica,https://maps.google.com/?q=%2C%2AGuatemala%2C+Ciudad
https://mapainmueble.com/properties/apartamento-en-alquiler-edificio-vivaldi-zona-14-CAA12214/,Alquiler,Apartamento,"$ 1,500",175 m²,2,3,2.5,CAA12214,"*Guatemala, Ciudad",Zona 14,Vivaldi,https://maps.google.com/?q=%2C%2AGuatemala%2C+Ciudad
https://mapainmueble.com/properties/rento-apartamento-zona-14-santa-ines-caa13416/,Alquiler,Apartamento,"$ 3,200",250 m²,3,3,3,CAA13416,"*Guatemala, Ciudad",Zona 14,No disponible,https://maps.google.com/?q=%2C%2AGuatemala%2C+Ciudad
https://mapainmueble.com/properties/apartamento-en-edificio-atenas-zona-14-daa43321/,Alquiler,Apartamento,"$ 2,800",240 m²,2,2,3.5,DAA43321,"*Guatemala, Ciudad",Zona 14,No disponible,https://maps.google.com/?q=%2C%2AGuatemala%2C+Ciudad
https://mapainmueble.com/properties/zona-14-apartamento-en-renta-edificio-be14-amueblado-y-equipado-daa43317/,Alquiler,Apartamento,"$ 1,100",96 m²,2,3,2,DAA43317,"*Guatemala, Ciudad",Zona 14,Be14,https://maps.google.com/?q=%2C%2AGuatemala%2C+Ciudad
https://mapainmueble.com/properties/apartamento-amueblado-en-renta-zona-14-daa43309/,Alquiler,Apartamento,"$ 1,600",80 m²,1,1,1.5,DAA43309,"*Guatemala, Ciudad",Zona 14,Arcángel Miguel,https://maps.google.com/?q=%2C%2AGuatemala%2C+Ciudad
https://mapainmueble.com/properties/apartamento-en-renta-en-zona-14-edificio-santorini-europlaa-caa13410/,Alquiler,Apartamento,$ 800,No disponible,1,2,2,CAA13410,"*Guatemala, Ciudad",Zona 14,No disponible,https://maps.google.com/?q=Zona+14%2C%2AGuatemala%2C+Ciudad
https://mapainmueble.com/properties/apartamento-en-renta-area-del-cc-la-noria-daa43291/,Alquiler,Apartamento,"$ 1,250",139 m²,2,3,2.5,DAA43291,"*Guatemala, Ciudad",Zona 14,No disponible,https://maps.google.com/?q=%2C%2AGuatemala%2C+Ciudad
https://mapainmueble.com/properties/apartamento-en-renta-zona-14-santa-ines-del-parque-daa43276/,Alquiler,Apartamento,"$ 2,200",153 m²,2,2,2.5,DAA43276,"*Guatemala, Ciudad",Zona 14,No disponible,https://maps.google.com/?q=%2C%2AGuatemala%2C+Ciudad
https://mapainmueble.com/properties/exclusivo-apartamento-en-renta-zona-14-caa13397/,Alquiler,Apartamento,"$ 3,200",203 m²,3,3,2.5,CAA13397,"*Guatemala, Ciudad",Zona 14,Tiffany Cañada,https://maps.google.com/?q=%2C%2AGuatemala%2C+Ciudad
https://mapainmueble.com/properties/zona-14-apartamento-en-renta-edificio-be14-amueblado-y-equipado-daa43317/,Alquiler,Apartamento,"$ 1,100",96 m²,2,3,2,DAA43317,"*Guatemala, Ciudad",Zona 14,Be14,https://maps.google.com/?q=%2C%2AGuatemala%2C+Ciudad
https://mapainmueble.com/properties/apartamento-amueblado-en-renta-zona-14-daa43309/,Alquiler,Apartamento,"$ 1,600",80 m²,1,1,1.5,DAA43309,"*Guatemala, Ciudad",Zona 14,Arcángel Miguel,https://maps.google.com/?q=%2C%2AGuatemala%2C+Ciudad
https://mapainmueble.com/properties/apartamento-en-renta-en-zona-14-edificio-santorini-europlaa-caa13410/,Alquiler,Apartamento,$ 800,No disponible,1,2,2,CAA13410,"*Guatemala, Ciudad",Zona 14,No disponible,https://maps.google.com/?q=Zona+14%2C%2AGuatemala%2C+Ciudad
https://mapainmueble.com/properties/apartamento-en-renta-area-del-cc-la-noria-daa43291/,Alquiler,Apartamento,"$ 1,250",139 m²,2,3,2.5,DAA43291,"*Guatemala, Ciudad",Zona 14,No disponible,https://maps.google.com/?q=%2C%2AGuatemala%2C+Ciudad
https://mapainmueble.com/properties/apartamento-en-renta-zona-14-santa-ines-del-parque-daa43276/,Alquiler,Apartamento,"$ 2,200",153 m²,2,2,2.5,DAA43276,"*Guatemala, Ciudad",Zona 14,No disponible,https://maps.google.com/?q=%2C%2AGuatemala%2C+Ciudad
https://mapainmueble.com/properties/exclusivo-apartamento-en-renta-zona-14-caa13397/,Alquiler,Apartamento,"$ 3,200",203 m²,3,3,2.5,CAA13397,"*Guatemala, Ciudad",Zona 14,Tiffany Cañada,https://maps.google.com/?q=%2C%2AGuatemala%2C+Ciudad
https://mapainmueble.com/properties/attica-1-zona-14-3-habitaciones-daa43265/,Alquiler,Apartamento,"$ 1,150",139 m²,2,2,2.5,DAA43265,"*Guatemala, Ciudad",Zona 14,Attica,https://maps.google.com/?q=%2C%2AGuatemala%2C+Ciudad
https://mapainmueble.com/properties/apartamento-en-zona-14-daa43261/,Alquiler,Apartamento,"$ 3,200",406 m²,No disponible,3,2,DAA43261,"*Guatemala, Ciudad",Zona 14,No disponible,https://maps.google.com/?q=%2C%2AGuatemala%2C+Ciudad
https://mapainmueble.com/properties/apartamento-en-renta-en-zona-14-edificio-attica-2-daa43260/,Alquiler,Apartamento,"$ 1,250",136 m²,2,3,2,DAA43260,"*Guatemala, Ciudad",Zona 14,Attica II,https://maps.google.com/?q=%2C%2AGuatemala%2C+Ciudad
https://mapainmueble.com/properties/se-renta-hermoso-depto-en-zona-14-daa43252/,Alquiler,Apartamento,"$ 1,625",139 m²,2,3,2.5,DAA43252,"*Guatemala, Ciudad",Zona 14,No disponible,https://maps.google.com/?q=%2C%2AGuatemala%2C+Ciudad
https://mapainmueble.com/properties/apto-tipo-loft-zona-14-edificio-torreon-daa43246/,Alquiler,Apartamento,$ 865,100 m²,1,1,1,DAA43246,"*Guatemala, Ciudad",Zona 14,El Torreón,https://maps.google.com/?q=%2C%2AGuatemala%2C+Ciudad
https://mapainmueble.com/properties/apartamento-amueblado-en-renta-zona-14-daa43241/,Alquiler,Apartamento,"$ 1,150",104 m²,2,2,2,DAA43241,"*Guatemala, Ciudad",Zona 14,Real de Las Américas,https://maps.google.com/?q=%2C%2AGuatemala%2C+Ciudad
https://mapainmueble.com/properties/rento-apartamento-amplio-en-reserva-5ta-zona-14-daa43234/,Alquiler,Apartamento,"$ 2,250",121 m²,2,3,2,DAA43234,"*Guatemala, Ciudad",Zona 14,Quinta Avenida,https://maps.google.com/?q=Edificio+Reserva+5ta+Avenida%2C%2AGuatemala%2C+Ciudad
https://mapainmueble.com/properties/rento-apartamento-amplio-en-reserva-5ta-zona-14-daa43234-2/,Alquiler,Apartamento,"$ 2,250",121 m²,2,3,2,DAA43234,"*Guatemala, Ciudad",Zona 14,Quinta Avenida,https://maps.google.com/?q=Edificio+Reserva+5ta+Avenida%2C%2AGuatemala%2C+Ciudad
https://mapainmueble.com/properties/alquilo-apartamento-amueblado-en-zona-14-con-dos-dormitorios-daa43225/,Alquiler,Apartamento,"$ 1,250",No disponible,1,2,2,DAA43225,"*Guatemala, Ciudad",Zona 14,No disponible,https://maps.google.com/?q=%2C%2AGuatemala%2C+Ciudad
https://mapainmueble.com/properties/apartamento-en-alquiler-3-habitaciones-zona-14-daa43209/,Alquiler,Apartamento,"$ 1,635",139 m²,2,3,2.5,DAA43209,"*Guatemala, Ciudad",Zona 14,No disponible,https://maps.google.com/?q=%2C%2AGuatemala%2C+Ciudad
https://mapainmueble.com/properties/alquiler-de-comodo-y-centrico-apartamento-de-2-dorms-zona-14-daa43190/,Alquiler,Apartamento,$ 950,110 m²,1,2,2,DAA43190,"*Guatemala, Ciudad",Zona 14,Villalbosque,https://maps.google.com/?q=%2C%2AGuatemala%2C+Ciudad
https://mapainmueble.com/properties/apartamento-amueblado-en-renta-attica-zona-14-daa43189/,Alquiler,Apartamento,"$ 1,650",No disponible,3,3,3,DAA43189,"*Guatemala, Ciudad",Zona 14,No disponible,https://maps.google.com/?q=%2C%2AGuatemala%2C+Ciudad
https://mapainmueble.com/properties/alquilo-apartamento-amueblado-zona-14-daa43164/,Alquiler,Apartamento,"$ 1,350",120 m²,2,3,2.5,DAA43164,"*Guatemala, Ciudad",Zona 14,No disponible,https://maps.google.com/?q=Las+Am%C3%A9ricas%2C%2AGuatemala%2C+Ciudad
https://mapainmueble.com/properties/alquilo-apartamento-en-zona-14-pacifica-plaza-daa43157/,Alquiler,Apartamento,"$ 2,000",249 m²,2,4,3.5,DAA43157,"*Guatemala, Ciudad",Zona 14,Pacífica Plaza,https://maps.google.com/?q=ZONA+14%2C%2AGuatemala%2C+Ciudad
https://mapainmueble.com/properties/alquilo-apartamento-en-zona-14-pacifica-plaza-daa43157/,Alquiler,Apartamento,"$ 2,000",249 m²,2,4,3.5,DAA43157,"*Guatemala, Ciudad",Zona 14,Pacífica Plaza,https://maps.google.com/?q=ZONA+14%2C%2AGuatemala%2C+Ciudad
https://mapainmueble.com/properties/alquilo-apartamento-amueblado-z-14-caa13368/,Alquiler,Apartamento,"$ 1,600",165 m²,2,2,3,CAA13368,"*Guatemala, Ciudad",Zona 14,Arcángel Miguel,https://maps.google.com/?q=%2C%2AGuatemala%2C+Ciudad
https://mapainmueble.com/properties/apartamento-avenida-las-americas-zona-14-de-1-hab-agt1850-daa43152/,Alquiler,Apartamento,$ 875,100 m²,1,1,1,DAA43152,"*Guatemala, Ciudad",Zona 14,No disponible,https://maps.google.com/?q=%2C%2AGuatemala%2C+Ciudad
https://mapainmueble.com/properties/marques-zona-14-apto-amueblado-renta-daa43140/,Alquiler,Apartamento,"$ 1,700",125 m²,2,2,2.5,DAA43140,"*Guatemala, Ciudad",Zona 14,Marqués,https://maps.google.com/?q=Ave+Am%C3%A9ricas+final+Zona+14%2C%2AGuatemala%2C+Ciudad
https://mapainmueble.com/properties/apartamento-en-renta-zona-14-la-villa-edificio-be14-nivel-4-daa43133/,Alquiler,Apartamento,$ 990,88 m²,2,3,2,DAA43133,"*Guatemala, Ciudad",Zona 14,No disponible,https://maps.google.com/?q=%2C%2AGuatemala%2C+Ciudad
https://mapainmueble.com/properties/apartamento-amueblado-en-renta-zona-14-la-villa-benevento-daa43123/,Alquiler,Apartamento,$ 900,144 m²,2,1,1.5,DAA43123,"*Guatemala, Ciudad",Zona 14,Benevento,https://maps.google.com/?q=%2C%2AGuatemala%2C+Ciudad
https://mapainmueble.com/properties/apartamento-en-renta-zona-14-reserva-14-daa43102/,Alquiler,Apartamento,"$ 2,200",125 m²,2,3,2.5,DAA43102,"*Guatemala, Ciudad",Zona 14,No disponible,https://maps.google.com/?q=%2C%2AGuatemala%2C+Ciudad
https://mapainmueble.com/properties/apartamento-en-renta-zona-14-real-de-las-americas-daa43100/,Alquiler,Apartamento,$ 875,97 m²,2,2,2,DAA43100,"*Guatemala, Ciudad",Zona 14,No disponible,https://maps.google.com/?q=%2C%2AGuatemala%2C+Ciudad
https://mapainmueble.com/properties/moderno-y-elegante-apartamento-en-zona-14-daa43095/,Alquiler,Apartamento,"$ 1,900",117 m²,2,2,2.5,DAA43095,"*Guatemala, Ciudad",Zona 14,Vertic,https://maps.google.com/?q=%2C%2AGuatemala%2C+Ciudad
https://mapainmueble.com/properties/apartamento-amueblado-en-zona-14-daa43092/,Alquiler,Apartamento,"$ 2,000",248 m²,2,3,3,DAA43092,"*Guatemala, Ciudad",Zona 14,No disponible,https://maps.google.com/?q=%2C%2AGuatemala%2C+Ciudad
https://mapainmueble.com/properties/alquiler-o-venta-edificio-antiguo-zona-14-daa43078/,Alquiler,Apartamento,$ 975,175 m²,2,2,2,DAA43078,"*Guatemala, Ciudad",Zona 14,No disponible,https://maps.google.com/?q=%2C%2AGuatemala%2C+Ciudad
https://mapainmueble.com/properties/apartamento-amueblado-en-renta-daa43064/,Alquiler,Apartamento,"$ 1,500",96 m²,1,1,1.5,DAA43064,"*Guatemala, Ciudad",Zona 14,San Patricio 2,https://maps.google.com/?q=%2C%2AGuatemala%2C+Ciudad
https://mapainmueble.com/properties/se-alquila-apto-amueblado-marques-del-valle-zona-14-daa43055/,Alquiler,Apartamento,"$ 1,700",No disponible,2,2,2.5,DAA43055,"*Guatemala, Ciudad",Zona 14,Marqués del Valle,https://maps.google.com/?q=%2C%2AGuatemala%2C+Ciudad
https://mapainmueble.com/properties/apartamento-en-alquiler-zona-14-3-habitaciones-daa43053/,Alquiler,Apartamento,"$ 5,600",304 m²,3,3,3.5,DAA43053,"*Guatemala, Ciudad",Zona 14,No disponible,https://maps.google.com/?q=%2C%2AGuatemala%2C+Ciudad
https://mapainmueble.com/properties/apartamento-en-alquiler-zona-14-3-habitaciones-daa43051/,Alquiler,Apartamento,"$ 1,950",125 m²,2,3,3,DAA43051,"*Guatemala, Ciudad",Zona 14,No disponible,https://maps.google.com/?q=%2C%2AGuatemala%2C+Ciudad
https://mapainmueble.com/properties/apartamento-en-alquiler-zona-14-3-habitaciones-daa43050/,Alquiler,Apartamento,"$ 1,635",139 m²,2,3,2.5,DAA43050,"*Guatemala, Ciudad",Zona 14,No disponible,https://maps.google.com/?q=%2C%2AGuatemala%2C+Ciudad
https://mapainmueble.com/properties/apartamento-en-alquiler-edificio-vila-catorce-zona-14-n1-en-directo-01-DAA32335/,Alquiler,Apartamento,$ 770,55 m²,2,1,1.5,DAA32335,"*Guatemala, Ciudad",Zona 14,No disponible,https://maps.google.com/?q=%2C%2AGuatemala%2C+Ciudad
https://mapainmueble.com/properties/apartamento-en-alquiler-edificio-vila-catorce-zona-14-n7-en-directo-h-daa43043/,Alquiler,Apartamento,$ 700,36 m²,1,1,1,DAA43043,"*Guatemala, Ciudad",Zona 14,Vila Catorce,https://maps.google.com/?q=%2C%2AGuatemala%2C+Ciudad
https://mapainmueble.com/properties/apartamento-en-renta-zona-14-daa43028/,Alquiler,Apartamento,$ 925,No disponible,1,2,2,DAA43028,"*Guatemala, Ciudad",Zona 14,No disponible,https://maps.google.com/?q=%2C%2AGuatemala%2C+Ciudad
https://mapainmueble.com/properties/apartamento-en-renta-zona-14-daa43027/,Alquiler,Apartamento,"$ 3,700",No disponible,2,3,5,DAA43027,"*Guatemala, Ciudad",Zona 14,No disponible,https://maps.google.com/?q=%2C%2AGuatemala%2C+Ciudad
https://mapainmueble.com/properties/apartamento-en-alquiler-edificio-attica-ii-zona-14-n7-en-directo-02-daa35862/,Alquiler,Apartamento,"$ 1,500",193 m²,2,2,2.5,DAA35862,"*Guatemala, Ciudad",Zona 14,Attica II,https://maps.google.com/?q=%2C%2AGuatemala%2C+Ciudad
https://mapainmueble.com/properties/apartamento-en-renta-zona-14-codigoca34555-caa13316/,Alquiler,Apartamento,$ 950,64 m²,1,1,1,CAA13316,"*Guatemala, Ciudad",Zona 14,No disponible,https://maps.google.com/?q=%2C%2AGuatemala%2C+Ciudad
https://mapainmueble.com/properties/edificio-vivaldi-amueblado-caa13305/,Alquiler,Apartamento,"$ 1,250",106 m²,1,2,2,CAA13305,"*Guatemala, Ciudad",Zona 14,Vivaldi,https://maps.google.com/?q=Zona+14%2C%2AGuatemala%2C+Ciudad
https://mapainmueble.com/properties/apartamento-en-alquiler-edificio-attica-ii-zona-14-daa42995/,Alquiler,Apartamento,"$ 1,500",193 m²,2,2,2.5,DAA42995,"*Guatemala, Ciudad",Zona 14,Attica II,https://maps.google.com/?q=%2C%2AGuatemala%2C+Ciudad
https://mapainmueble.com/properties/apartamento-en-alquiler-vistana-zona-14-daa42993/,Alquiler,Apartamento,"$ 2,200",169 m²,2,3,3.5,DAA42993,"*Guatemala, Ciudad",Zona 14,Vistana,https://maps.google.com/?q=%2C%2AGuatemala%2C+Ciudad
https://mapainmueble.com/properties/apartamento-en-alquiler-en-santa-ines-del-parque-daa42992/,Alquiler,Apartamento,"$ 2,200",151 m²,2,2,2.5,DAA42992,"*Guatemala, Ciudad",Zona 14,Santa Inés del Parque,https://maps.google.com/?q=%2C%2AGuatemala%2C+Ciudad
https://mapainmueble.com/properties/apartamento-amueblado-zona-14-edificio-elgin-daa42801/,Alquiler,Apartamento,$ 850,85 m²,1,2,1,DAA42801,"*Guatemala, Ciudad",Zona 14,No disponible,https://maps.google.com/?q=ZONA+14%2C%2AGuatemala%2C+Ciudad
https://mapainmueble.com/properties/apartamento-en-alquiler-en-zona-14-caa13289/,Alquiler,Apartamento,$ 900,No disponible,No disponible,1,1,CAA13289,"*Guatemala, Ciudad",Zona 14,No disponible,https://maps.google.com/?q=%2C%2AGuatemala%2C+Ciudad
https://mapainmueble.com/properties/apartamento-en-renta-zona-14-real-de-las-americas-daa42937/,Alquiler,Apartamento,$ 875,97 m²,2,2,2,DAA42937,"*Guatemala, Ciudad",Zona 14,Real de Las Américas,https://maps.google.com/?q=%2C%2AGuatemala%2C+Ciudad
https://mapainmueble.com/properties/apartamento-en-renta-zona-14-attica-ii-daa42926/,Alquiler,Apartamento,"$ 1,475",139 m²,2,3,2.5,DAA42926,"*Guatemala, Ciudad",Zona 14,Attica II,https://maps.google.com/?q=%2C%2AGuatemala%2C+Ciudad
https://mapainmueble.com/properties/apartamento-de-lujo-en-renta-zona-14-de-lado-de-las-americas-daa42919/,Alquiler,Apartamento,"$ 3,900",406 m²,2,3,3.5,DAA42919,"*Guatemala, Ciudad",Zona 14,Tadeus,https://maps.google.com/?q=%2C%2AGuatemala%2C+Ciudad
https://mapainmueble.com/properties/apartamento-en-la-villa-a-mins-del-obelisco-zona-14-de-1-hab-agt2024-daa42887/,Alquiler,Apartamento,$ 776,36 m²,1,1,1,DAA42887,"*Guatemala, Ciudad",Zona 14,Be14,https://maps.google.com/?q=%2C%2AGuatemala%2C+Ciudad
https://mapainmueble.com/properties/apartamento-en-marques-del-valle-zona-14-daa42747/,Alquiler,Apartamento,"$ 3,800",415 m²,4,3,4,DAA42747,"*Guatemala, Ciudad",Zona 14,Marqués del Valle,https://maps.google.com/?q=%2C%2AGuatemala%2C+Ciudad
https://mapainmueble.com/properties/apartamento-en-renta-tiffany-canada-zona-14-1-caa13261/,Alquiler,Apartamento,"$ 3,200",203 m²,3,3,2.5,CAA13261,"*Guatemala, Ciudad",Zona 14,No disponible,https://maps.google.com/?q=%2C%2AGuatemala%2C+Ciudad
https://mapainmueble.com/properties/apartamento-en-renta-tiffany-canada-zona-14-1-caa13260/,Alquiler,Apartamento,"$ 3,200",No disponible,3,3,2.5,CAA13260,"*Guatemala, Ciudad",Zona 14,No disponible,https://maps.google.com/?q=%2C%2AGuatemala%2C+Ciudad
https://mapainmueble.com/properties/se-renta-apartamento-en-vivaldi-zona-14-daa42807/,Alquiler,Apartamento,"$ 1,250",106 m²,1,2,2,DAA42807,"*Guatemala, Ciudad",Zona 14,Vivaldi,https://maps.google.com/?q=%2C%2AGuatemala%2C+Ciudad
https://mapainmueble.com/properties/apartamento-de-1-habitacion-en-renta-en-be14-zona-14-daa42791/,Alquiler,Apartamento,$ 760,41 m²,1,1,1,DAA42791,"*Guatemala, Ciudad",Zona 14,Be14,https://maps.google.com/?q=%2C%2AGuatemala%2C+Ciudad
https://mapainmueble.com/properties/townhouse-en-renta-zona-14-la-canada-caa13245/,Alquiler,Apartamento,"$ 5,000",350 m²,4,4,4.5,CAA13245,"*Guatemala, Ciudad",Zona 14,La Cañada,https://maps.google.com/?q=%2C%2AGuatemala%2C+Ciudad
https://mapainmueble.com/properties/apartamento-en-renta-zona-14-codigoda34512-daa42774/,Alquiler,Apartamento,$ 625,No disponible,1,1,1,DAA42774,"*Guatemala, Ciudad",Zona 14,No disponible,https://maps.google.com/?q=%2C%2AGuatemala%2C+Ciudad
https://mapainmueble.com/properties/apartamento-en-renta-zona-14-codigoda34512-daa42774/,Alquiler,Apartamento,$ 625,No disponible,1,1,1,DAA42774,"*Guatemala, Ciudad",Zona 14,No disponible,https://maps.google.com/?q=%2C%2AGuatemala%2C+Ciudad
https://mapainmueble.com/properties/rento-apartamento-amueblado-en-zona-14-ref-l4518-caa13229/,Alquiler,Apartamento,"$ 1,600",125 m²,2,3,2,CAA13229,"*Guatemala, Ciudad",Zona 14,Pacífica Plaza,https://maps.google.com/?q=%2C%2AGuatemala%2C+Ciudad
https://mapainmueble.com/properties/se-renta-apartamento-en-vivaldi-zona-14-daa42807/,Alquiler,Apartamento,"$ 1,250",106 m²,1,2,2,DAA42807,"*Guatemala, Ciudad",Zona 14,Vivaldi,https://maps.google.com/?q=%2C%2AGuatemala%2C+Ciudad
https://mapainmueble.com/properties/apartamento-de-1-habitacion-en-renta-en-be14-zona-14-daa42791/,Alquiler,Apartamento,$ 760,41 m²,1,1,1,DAA42791,"*Guatemala, Ciudad",Zona 14,Be14,https://maps.google.com/?q=%2C%2AGuatemala%2C+Ciudad
https://mapainmueble.com/properties/townhouse-en-renta-zona-14-la-canada-caa13245/,Alquiler,Apartamento,"$ 5,000",350 m²,4,4,4.5,CAA13245,"*Guatemala, Ciudad",Zona 14,La Cañada,https://maps.google.com/?q=%2C%2AGuatemala%2C+Ciudad
https://mapainmueble.com/properties/apartamento-en-renta-zona-14-codigoda34512-daa42774/,Alquiler,Apartamento,$ 625,No disponible,1,1,1,DAA42774,"*Guatemala, Ciudad",Zona 14,No disponible,https://maps.google.com/?q=%2C%2AGuatemala%2C+Ciudad
https://mapainmueble.com/properties/apartamento-en-renta-zona-14-codigoda34512-daa42774/,Alquiler,Apartamento,$ 625,No disponible,1,1,1,DAA42774,"*Guatemala, Ciudad",Zona 14,No disponible,https://maps.google.com/?q=%2C%2AGuatemala%2C+Ciudad
https://mapainmueble.com/properties/rento-apartamento-amueblado-en-zona-14-ref-l4518-caa13229/,Alquiler,Apartamento,"$ 1,600",125 m²,2,3,2,CAA13229,"*Guatemala, Ciudad",Zona 14,Pacífica Plaza,https://maps.google.com/?q=%2C%2AGuatemala%2C+Ciudad
https://mapainmueble.com/properties/lindo-apartamento-en-renta-en-zona-14-daa42751/,Alquiler,Apartamento,"$ 1,591",139 m²,2,3,2,DAA42751,"*Guatemala, Ciudad",Zona 14,No disponible,https://maps.google.com/?q=zona+14%2C%2AGuatemala%2C+Ciudad
https://mapainmueble.com/properties/apartamento-en-renta-zona-14-daa42736/,Alquiler,Apartamento,"$ 1,650",No disponible,2,3,2,DAA42736,"*Guatemala, Ciudad",Zona 14,No disponible,https://maps.google.com/?q=%2C%2AGuatemala%2C+Ciudad
https://mapainmueble.com/properties/alquilo-apartamento-zona-14-piemonte-con-dormitorio-de-servicio-daa42723/,Alquiler,Apartamento,"$ 1,000",150 m²,2,2,2,DAA42723,"*Guatemala, Ciudad",Zona 14,Piemonte,https://maps.google.com/?q=%2C%2AGuatemala%2C+Ciudad
https://mapainmueble.com/properties/apartamento-de-4-habitaciones-en-renta-en-pacifica-plaza-zona-14-daa42698/,Alquiler,Apartamento,"$ 2,000",244 m²,2,4,3,DAA42698,"*Guatemala, Ciudad",Zona 14,Pacífica Plaza,https://maps.google.com/?q=%2C%2AGuatemala%2C+Ciudad
https://mapainmueble.com/properties/apartamento-amueblado-en-renta-en-zona-14-sector-la-villa-daa42676/,Alquiler,Apartamento,"$ 1,400",No disponible,2,3,2,DAA42676,"*Guatemala, Ciudad",Zona 14,La Villa,https://maps.google.com/?q=%2C%2AGuatemala%2C+Ciudad
https://mapainmueble.com/properties/apartamento-en-alquiler-2-niveles-en-avita-zona-14-daa42674/,Alquiler,Apartamento,"$ 7,500",809 m²,4,4,4,DAA42674,"*Guatemala, Ciudad",Zona 14,No disponible,https://maps.google.com/?q=%2C%2AGuatemala%2C+Ciudad
https://mapainmueble.com/properties/apartamento-amueblado-en-zona-14-codigo-2196-daa42665/,Alquiler,Apartamento,"$ 1,900",162 m²,2,2,2,DAA42665,"*Guatemala, Ciudad",Zona 14,No disponible,https://maps.google.com/?q=%2C%2AGuatemala%2C+Ciudad
https://mapainmueble.com/properties/apartamento-en-renta-zona-14-reserva-14-daa42660/,Alquiler,Apartamento,"$ 2,200",125 m²,2,3,2.5,DAA42660,"*Guatemala, Ciudad",Zona 14,No disponible,https://maps.google.com/?q=%2C%2AGuatemala%2C+Ciudad
https://mapainmueble.com/properties/apartamento-en-renta-zona-14-amplio-y-exclusivo-daa42641/,Alquiler,Apartamento,"$ 3,200",406 m²,2,3,3.5,DAA42641,"*Guatemala, Ciudad",Zona 14,Tadeus,https://maps.google.com/?q=%2C%2AGuatemala%2C+Ciudad
https://mapainmueble.com/properties/renta-de-apartamento-en-zona-14-1-habitacion-daa42638/,Alquiler,Apartamento,"$ 1,500",96 m²,1,1,1.5,DAA42638,"*Guatemala, Ciudad",Zona 14,San Patricio 2,https://maps.google.com/?q=%2C%2AGuatemala%2C+Ciudad
https://mapainmueble.com/properties/apartamento-en-renta-zona-14-por-la-villa-caa13210/,Alquiler,Apartamento,"$ 1,300",136 m²,2,3,2.5,CAA13210,"*Guatemala, Ciudad",Zona 14,No disponible,https://maps.google.com/?q=%2C%2AGuatemala%2C+Ciudad
https://mapainmueble.com/properties/apartamento-en-renta-be14-zona-14-daa42631/,Alquiler,Apartamento,"$ 6,500",88 m²,2,3,2,DAA42631,"*Guatemala, Ciudad",Zona 14,Be14,https://maps.google.com/?q=%2C%2AGuatemala%2C+Ciudad
https://mapainmueble.com/properties/pacifica-plaza-zona-14-4-dormitorios-caa13200/,Alquiler,Apartamento,"$ 2,000",249 m²,2,4,2.5,CAA13200,"*Guatemala, Ciudad",Zona 14,Acacias de Cayalá,https://maps.google.com/?q=Pacifica+Plaza+Torre+Norte%2C+Zona+14.%2C%2AGuatemala%2C+Ciudad
https://mapainmueble.com/properties/apartamento-en-alquiler-de-3-habitaciones-en-z14-amueblado-daa42588/,Alquiler,Apartamento,"$ 1,350",105 m²,2,3,2.5,DAA42588,"*Guatemala, Ciudad",Zona 14,No disponible,https://maps.google.com/?q=%2C%2AGuatemala%2C+Ciudad
https://mapainmueble.com/properties/alquilo-apaartamento-en-zona-14-amueblado-daa42582/,Alquiler,Apartamento,"$ 2,000",249 m²,2,4,2.5,DAA42582,"*Guatemala, Ciudad",Zona 14,Pacífica Plaza,https://maps.google.com/?q=ZONA+14%2C%2AGuatemala%2C+Ciudad
https://mapainmueble.com/properties/amueblado-zona-14-1-hab-daa42580/,Alquiler,Apartamento,"$ 1,000",85 m²,2,1,1,DAA42580,"*Guatemala, Ciudad",Zona 14,Torre 14,https://maps.google.com/?q=%2C%2AGuatemala%2C+Ciudad
https://mapainmueble.com/properties/apartamento-en-venta-edificio-vila-catorce-zona-14-codigo-7541869-daa42512/,Alquiler,Apartamento,"$ 1,200",79 m²,2,3,2,DAA42512,"*Guatemala, Ciudad",Zona 14,Vila Catorce,https://maps.google.com/?q=%2C%2AGuatemala%2C+Ciudad
https://mapainmueble.com/properties/alquiler-apartamento-zona-14-las-conchas-caa13162/,Alquiler,Apartamento,"$ 2,100",290 m²,2,2,2,CAA13162,"*Guatemala, Ciudad",Zona 14,No disponible,https://maps.google.com/?q=%2C%2AGuatemala%2C+Ciudad
https://mapainmueble.com/properties/alquilo-apartamento-amueblado-de-1-dormitorio-en-zona-14-daa42508/,Alquiler,Apartamento,"$ 1,500",111 m²,2,1,1.5,DAA42508,"*Guatemala, Ciudad",Zona 14,No disponible,https://maps.google.com/?q=%2C%2AGuatemala%2C+Ciudad
https://mapainmueble.com/properties/se-renta-apartamento-muy-centrico-en-zona-10-daa42595/,Alquiler,Apartamento,$ 790,90 m²,2,2,2,DAA42595,"*Guatemala, Ciudad",Zona 14,La Villa,https://maps.google.com/?q=%2C%2AGuatemala%2C+Ciudad
https://mapainmueble.com/properties/en-renta-apartamento-moderno-en-la-villa-zona-14-daa42593/,Alquiler,Apartamento,"$ 1,300",136 m²,2,3,2.5,DAA42593,"*Guatemala, Ciudad",Zona 14,La Villa,https://maps.google.com/?q=%2C%2AGuatemala%2C+Ciudad
https://mapainmueble.com/properties/apartamento-en-renta-zona-14-codigoca34484-caa13201/,Alquiler,Apartamento,$ 950,100 m²,1,1,1,CAA13201,"*Guatemala, Ciudad",Zona 14,No disponible,https://maps.google.com/?q=%2C%2AGuatemala%2C+Ciudad
https://mapainmueble.com/properties/pacifica-plaza-zona-14-4-dormitorios-caa13200/,Alquiler,Apartamento,"$ 2,000",249 m²,2,4,2.5,CAA13200,"*Guatemala, Ciudad",Zona 14,Acacias de Cayalá,https://maps.google.com/?q=Pacifica+Plaza+Torre+Norte%2C+Zona+14.%2C%2AGuatemala%2C+Ciudad
https://mapainmueble.com/properties/apartamento-en-alquiler-de-3-habitaciones-en-z14-amueblado-daa42588/,Alquiler,Apartamento,"$ 1,350",105 m²,2,3,2.5,DAA42588,"*Guatemala, Ciudad",Zona 14,No disponible,https://maps.google.com/?q=%2C%2AGuatemala%2C+Ciudad
https://mapainmueble.com/properties/alquilo-apaartamento-en-zona-14-amueblado-daa42582/,Alquiler,Apartamento,"$ 2,000",249 m²,2,4,2.5,DAA42582,"*Guatemala, Ciudad",Zona 14,Pacífica Plaza,https://maps.google.com/?q=ZONA+14%2C%2AGuatemala%2C+Ciudad
https://mapainmueble.com/properties/amueblado-zona-14-1-hab-daa42580/,Alquiler,Apartamento,"$ 1,000",85 m²,2,1,1,DAA42580,"*Guatemala, Ciudad",Zona 14,Torre 14,https://maps.google.com/?q=%2C%2AGuatemala%2C+Ciudad
https://mapainmueble.com/properties/apartamento-en-venta-edificio-vila-catorce-zona-14-codigo-7541869-daa42512/,Alquiler,Apartamento,"$ 1,200",79 m²,2,3,2,DAA42512,"*Guatemala, Ciudad",Zona 14,Vila Catorce,https://maps.google.com/?q=%2C%2AGuatemala%2C+Ciudad
https://mapainmueble.com/properties/alquiler-apartamento-zona-14-las-conchas-caa13162/,Alquiler,Apartamento,"$ 2,100",290 m²,2,2,2,CAA13162,"*Guatemala, Ciudad",Zona 14,No disponible,https://maps.google.com/?q=%2C%2AGuatemala%2C+Ciudad
https://mapainmueble.com/properties/alquilo-apartamento-amueblado-de-1-dormitorio-en-zona-14-daa42508/,Alquiler,Apartamento,"$ 1,500",111 m²,2,1,1.5,DAA42508,"*Guatemala, Ciudad",Zona 14,No disponible,https://maps.google.com/?q=%2C%2AGuatemala%2C+Ciudad
https://mapainmueble.com/properties/apartamento-santorini-caa13153/,Alquiler,Apartamento,$ 900,No disponible,2,2,2,CAA13153,"*Guatemala, Ciudad",Zona 14,No disponible,https://maps.google.com/?q=Edificio+Santorini+Am%C3%A9ricas+Zona+14%2C%2AGuatemala%2C+Ciudad
https://mapainmueble.com/properties/amplio-apartamento-amueblado-de-4-dormitorios-en-zona-14-daa42477/,Alquiler,Apartamento,"$ 2,000",273 m²,2,4,2.5,DAA42477,"*Guatemala, Ciudad",Zona 14,No disponible,https://maps.google.com/?q=%2C%2AGuatemala%2C+Ciudad
https://mapainmueble.com/properties/apartamento-en-casa-rialto-8/,Alquiler,Apartamento,"$ 1,500",86 m²,2,1,1.5,DAA218,"*Guatemala, Ciudad",Zona 14,Casa Rialto,https://maps.google.com/?q=Zona+14.%2C%2AGuatemala%2C+Ciudad
https://mapainmueble.com/properties/santorini-a-amueblado-daa42430/,Alquiler,Apartamento,$ 950,96 m²,1,2,3,DAA42430,"*Guatemala, Ciudad",Zona 14,Santorini Américas,https://maps.google.com/?q=1era+avenida+6-24+zona+14%2C%2AGuatemala%2C+Ciudad
https://mapainmueble.com/properties/lindo-apartamento-en-renta-en-avenida-tres-zona-14-daa42427/,Alquiler,Apartamento,"$ 1,650",134 m²,2,2,2.5,DAA42427,"*Guatemala, Ciudad",Zona 14,Avenida 3,https://maps.google.com/?q=%2C%2AGuatemala%2C+Ciudad
https://mapainmueble.com/properties/se-renta-apartamento-en-terra-delfines-zona-14-daa42417/,Alquiler,Apartamento,$ 800,89 m²,1,2,2,DAA42417,"*Guatemala, Ciudad",Zona 14,Terra Delfines,https://maps.google.com/?q=%2C%2AGuatemala%2C+Ciudad
https://mapainmueble.com/properties/alquiler-lujoso-apartamento-edificio-tadeus-zona-14-caa13104/,Alquiler,Apartamento,"$ 3,200",406 m²,2,3,3.5,CAA13104,"*Guatemala, Ciudad",Zona 14,No disponible,https://maps.google.com/?q=ZONA+14%2C%2AGuatemala%2C+Ciudad
https://mapainmueble.com/properties/alquiler-apartamento-zona-14-amueblado-daa42367/,Alquiler,Apartamento,"$ 1,225",106 m²,1,2,2.5,DAA42367,"*Guatemala, Ciudad",Zona 14,Vivaldi,https://maps.google.com/?q=%2C%2AGuatemala%2C+Ciudad
https://mapainmueble.com/properties/apartamento-en-alquiler-edificio-tadeus-zona-14-codigo-8351689-daa42365/,Alquiler,Apartamento,"$ 3,584",406 m²,2,3,3.5,DAA42365,"*Guatemala, Ciudad",Zona 14,Tadeus,https://maps.google.com/?q=%2C%2AGuatemala%2C+Ciudad
https://mapainmueble.com/properties/zona-14-apartamento-en-renta-edificio-pacifica-plaza-amueblado-daa42352/,Alquiler,Apartamento,"$ 1,100",107 m²,2,2,2,DAA42352,"*Guatemala, Ciudad",Zona 14,Pacífica Plaza,https://maps.google.com/?q=%2C%2AGuatemala%2C+Ciudad
https://mapainmueble.com/properties/apartamento-en-zona-14-exclusiva-de-3-hab-agt901-daa42333/,Alquiler,Apartamento,"$ 4,300",405 m²,3,3,3,DAA42333,"*Guatemala, Ciudad",Zona 14,Tadeus,https://maps.google.com/?q=%2C%2AGuatemala%2C+Ciudad
https://mapainmueble.com/properties/apartamento-de-3-habitaciones-en-renta-zona-14-cerca-de-la-noria-daa42330/,Alquiler,Apartamento,"$ 1,250",139 m²,2,3,2.5,DAA42330,"*Guatemala, Ciudad",Zona 14,Attica II,https://maps.google.com/?q=%2C%2AGuatemala%2C+Ciudad
https://mapainmueble.com/properties/apartamento-en-renta-en-exclusivo-edificio-en-zona-14-mundo-inmobiliario-daa42322/,Alquiler,Apartamento,"$ 3,900",406 m²,2,3,3.5,DAA42322,"*Guatemala, Ciudad",Zona 14,No disponible,https://maps.google.com/?q=%2C%2AGuatemala%2C+Ciudad
https://mapainmueble.com/properties/apartamento-en-renta-zona-14-daa42312/,Alquiler,Apartamento,"$ 1,627",139 m²,2,3,2.5,DAA42312,"*Guatemala, Ciudad",Zona 14,Attica II,https://maps.google.com/?q=%2C%2AGuatemala%2C+Ciudad
https://mapainmueble.com/properties/apartamento-de-lujo-en-renta-zona-14-daa42307/,Alquiler,Apartamento,"$ 4,284",406 m²,2,3,3.5,DAA42307,"*Guatemala, Ciudad",Zona 14,Tadeus,https://maps.google.com/?q=%2C%2AGuatemala%2C+Ciudad
https://mapainmueble.com/properties/hermoso-apartamento-en-alquiler-edificio-attica-ii-zona-14-caa13061/,Alquiler,Apartamento,"$ 1,250",No disponible,2,3,2.5,CAA13061,"*Guatemala, Ciudad",Zona 14,Attica II,https://maps.google.com/?q=%2C%2AGuatemala%2C+Ciudad
https://mapainmueble.com/properties/alquilo-apartamento-amueblado-en-zona-14-daa42262/,Alquiler,Apartamento,"$ 2,000",No disponible,2,3,2,DAA42262,"*Guatemala, Ciudad",Zona 14,No disponible,https://maps.google.com/?q=%2C%2AGuatemala%2C+Ciudad
https://mapainmueble.com/properties/apartamento-en-alquiler-zona-14-con-muebles-de-3-habitaciones-daa42218/,Alquiler,Apartamento,"$ 2,200",210 m²,2,3,2.5,DAA42218,"*Guatemala, Ciudad",Zona 14,San Patricio 2,https://maps.google.com/?q=zona+14%2C+Guatemala%2C%2AGuatemala%2C+Ciudad
https://mapainmueble.com/properties/apartamento-en-alquiler-zona-14-de-2-dormitorios-daa42215/,Alquiler,Apartamento,$ 780,82 m²,2,2,1,DAA42215,"*Guatemala, Ciudad",Zona 14,Santorini,https://maps.google.com/?q=zona+14%2C+Guatemala%2C%2AGuatemala%2C+Ciudad
https://mapainmueble.com/properties/apartamento-en-alquiler-amueblado-en-zona-14-daa42206/,Alquiler,Apartamento,"$ 1,000",129 m²,2,2,2,DAA42206,"*Guatemala, Ciudad",Zona 14,No disponible,https://maps.google.com/?q=%2C%2AGuatemala%2C+Ciudad
https://mapainmueble.com/properties/apartamento-para-renta-en-zona-14-daa42203/,Alquiler,Apartamento,"$ 1,500",147 m²,2,2,2.5,DAA42203,"*Guatemala, Ciudad",Zona 14,No disponible,https://maps.google.com/?q=%2C%2AGuatemala%2C+Ciudad
https://mapainmueble.com/properties/apartamento-amueblado-en-renta-y-venta-zona-14-pacifica-plaza-daa42200/,Alquiler,Apartamento,"$ 2,000",249 m²,2,4,2.5,DAA42200,"*Guatemala, Ciudad",Zona 14,Pacífica Plaza,https://maps.google.com/?q=zona+14%2C%2AGuatemala%2C+Ciudad
https://mapainmueble.com/properties/atractivo-y-amplio-apartemento-en-renta-en-zona-14-daa42164/,Alquiler,Apartamento,"$ 3,200",406 m²,2,3,3,DAA42164,"*Guatemala, Ciudad",Zona 14,No disponible,https://maps.google.com/?q=zona+14%2C%2AGuatemala%2C+Ciudad
https://mapainmueble.com/properties/apartamento-amueblado-en-renta-en-zona-14-san-patricio-ii-daa42152/,Alquiler,Apartamento,"$ 2,200",170 m²,2,3,2.5,DAA42152,"*Guatemala, Ciudad",Zona 14,San Patricio 2,https://maps.google.com/?q=zona+14%2C%2AGuatemala%2C+Ciudad
https://mapainmueble.com/properties/apartamento-en-alquiler-zona-14-san-patricio-2-de-3-habitaciones-daa42145/,Alquiler,Apartamento,"$ 2,240",232 m²,2,3,3,DAA42145,"*Guatemala, Ciudad",Zona 14,San Patricio 2,https://maps.google.com/?q=zona+14%2C+Guatemala%2C%2AGuatemala%2C+Ciudad
https://mapainmueble.com/properties/apartamento-amueblado-en-alquiler-edificio-vivaldi-zona-14-caa13019/,Alquiler,Apartamento,"$ 1,267",106 m²,2,2,No disponible,CAA13019,"*Guatemala, Ciudad",Zona 14,Vivaldi,https://maps.google.com/?q=%2C%2AGuatemala%2C+Ciudad
https://mapainmueble.com/properties/apartamento-amueblado-en-renta-en-zona-14-san-patricio-ii-daa42152/,Alquiler,Apartamento,"$ 2,200",170 m²,2,3,2.5,DAA42152,"*Guatemala, Ciudad",Zona 14,San Patricio 2,https://maps.google.com/?q=zona+14%2C%2AGuatemala%2C+Ciudad
https://mapainmueble.com/properties/apartamento-en-alquiler-zona-14-san-patricio-2-de-3-habitaciones-daa42145/,Alquiler,Apartamento,"$ 2,240",232 m²,2,3,3,DAA42145,"*Guatemala, Ciudad",Zona 14,San Patricio 2,https://maps.google.com/?q=zona+14%2C+Guatemala%2C%2AGuatemala%2C+Ciudad
https://mapainmueble.com/properties/apartamento-amueblado-en-alquiler-edificio-vivaldi-zona-14-caa13019/,Alquiler,Apartamento,"$ 1,267",106 m²,2,2,No disponible,CAA13019,"*Guatemala, Ciudad",Zona 14,Vivaldi,https://maps.google.com/?q=%2C%2AGuatemala%2C+Ciudad
https://mapainmueble.com/properties/hermoso-apartamento-amueblado-daa42143/,Alquiler,Apartamento,"$ 1,250",106 m²,1,2,1.5,DAA42143,"*Guatemala, Ciudad",Zona 14,Vivaldi,https://maps.google.com/?q=%2C%2AGuatemala%2C+Ciudad
https://mapainmueble.com/properties/rento-apartamento-zona-14-amueblado-daa42121/,Alquiler,Apartamento,"$ 1,800",No disponible,2,3,2.5,DAA42121,"*Guatemala, Ciudad",Zona 14,No disponible,https://maps.google.com/?q=Zona+14%2C%2AGuatemala%2C+Ciudad
https://mapainmueble.com/properties/apartamento-en-renta-tiffany-canada-daa42104/,Alquiler,Apartamento,"$ 1,800",135 m²,2,2,2,DAA42104,"*Guatemala, Ciudad",Zona 14,Tiffany Cañada,https://maps.google.com/?q=%2C%2AGuatemala%2C+Ciudad
https://mapainmueble.com/properties/alquiler-de-apartamento-en-zona-14-santorini-americas-daa42091/,Alquiler,Apartamento,$ 900,92 m²,2,2,2,DAA42091,"*Guatemala, Ciudad",Zona 14,Santorini Américas,https://maps.google.com/?q=Zona+14+Santorini+Americas%2C%2AGuatemala%2C+Ciudad
https://mapainmueble.com/properties/zona-14-americasexclusivoapartamento-en-renta-daa42057/,Alquiler,Apartamento,"$ 2,850",170 m²,2,2,2.5,DAA42057,"*Guatemala, Ciudad",Zona 14,Tiffany Novena,https://maps.google.com/?q=zona+14%2C%2AGuatemala%2C+Ciudad
https://mapainmueble.com/properties/renta-en-tiffany-5ta-avenida-daa42031/,Alquiler,Apartamento,"$ 1,900",125 m²,2,2,2,DAA42031,"*Guatemala, Ciudad",Zona 14,Tiffany 5ta Avenida,https://maps.google.com/?q=%2C%2AGuatemala%2C+Ciudad
https://mapainmueble.com/properties/rento-apartamento-zona-14-amueblado-daa42121/,Alquiler,Apartamento,"$ 1,800",No disponible,2,3,2.5,DAA42121,"*Guatemala, Ciudad",Zona 14,No disponible,https://maps.google.com/?q=Zona+14%2C%2AGuatemala%2C+Ciudad
https://mapainmueble.com/properties/apartamento-en-renta-tiffany-canada-daa42104/,Alquiler,Apartamento,"$ 1,800",135 m²,2,2,2,DAA42104,"*Guatemala, Ciudad",Zona 14,Tiffany Cañada,https://maps.google.com/?q=%2C%2AGuatemala%2C+Ciudad
https://mapainmueble.com/properties/alquiler-de-apartamento-en-zona-14-santorini-americas-daa42091/,Alquiler,Apartamento,$ 900,92 m²,2,2,2,DAA42091,"*Guatemala, Ciudad",Zona 14,Santorini Américas,https://maps.google.com/?q=Zona+14+Santorini+Americas%2C%2AGuatemala%2C+Ciudad
https://mapainmueble.com/properties/zona-14-americasexclusivoapartamento-en-renta-daa42057/,Alquiler,Apartamento,"$ 2,850",170 m²,2,2,2.5,DAA42057,"*Guatemala, Ciudad",Zona 14,Tiffany Novena,https://maps.google.com/?q=zona+14%2C%2AGuatemala%2C+Ciudad
https://mapainmueble.com/properties/renta-en-tiffany-5ta-avenida-daa42031/,Alquiler,Apartamento,"$ 1,900",125 m²,2,2,2,DAA42031,"*Guatemala, Ciudad",Zona 14,Tiffany 5ta Avenida,https://maps.google.com/?q=%2C%2AGuatemala%2C+Ciudad
https://mapainmueble.com/properties/renta-de-apartamento-zona-14-DAA42023/,Alquiler,Apartamento,"$ 1,200",107 m²,2,2,2,DAA42023,"*Guatemala, Ciudad",Zona 14,Attica II,https://maps.google.com/?q=%2C%2AGuatemala%2C+Ciudad
https://mapainmueble.com/properties/alquiler-de-apartamento-zona-14-DAA42022/,Alquiler,Apartamento,"$ 1,200",107 m²,2,2,2,DAA42022,"*Guatemala, Ciudad",Zona 14,Attica II,https://maps.google.com/?q=%2C%2AGuatemala%2C+Ciudad
https://mapainmueble.com/properties/apartamento-de-dos-habitaciones-amueblado-en-z10-CAA12995/,Alquiler,Apartamento,"$ 1,000",116 m²,2,2,2.5,CAA12995,"*Guatemala, Ciudad",Zona 14,No disponible,https://maps.google.com/?q=%2C%2AGuatemala%2C+Ciudad
https://mapainmueble.com/properties/rento-apartamento-zona-14-amueblado-DAA41998/,Alquiler,Apartamento,"$ 1,800",198 m²,2,3,2,DAA41998,"*Guatemala, Ciudad",Zona 14,Pacífica Plaza,https://maps.google.com/?q=%2C%2AGuatemala%2C+Ciudad
https://mapainmueble.com/properties/apartamento-amueblado-en-renta-zona-14-DAA41742/,Alquiler,Apartamento,"$ 2,500",No disponible,2,2,2.5,DAA41742,"*Guatemala, Ciudad",Zona 14,No disponible,https://maps.google.com/?q=%2C%2AGuatemala%2C+Ciudad
https://mapainmueble.com/properties/apartamento-en-alquiler-de-2-niveles-edificio-villa-risho-zona-14-caa12787/,Alquiler,Apartamento,"$ 2,200",199 m²,No disponible,2,2.5,CAA12787,"*Guatemala, Ciudad",Zona 14,Villa Risho,https://maps.google.com/?q=%2C%2AGuatemala%2C+Ciudad
https://mapainmueble.com/properties/apartamento-en-renta-attica-zona-14-daa41626/,Alquiler,Apartamento,"$ 1,250",139 m²,2,3,2.5,DAA41626,"*Guatemala, Ciudad",Zona 14,Attica II,https://maps.google.com/?q=Zona+14%2C%2AGuatemala%2C+Ciudad
https://mapainmueble.com/properties/apartamento-en-renta-zona-14-daa41625/,Alquiler,Apartamento,"$ 1,250",139 m²,2,3,2.5,DAA41625,"*Guatemala, Ciudad",Zona 14,Attica II,https://maps.google.com/?q=ZONA+14%2C%2AGuatemala%2C+Ciudad
https://mapainmueble.com/properties/apartamento-en-renta-en-zona-14-daa41604/,Alquiler,Apartamento,"$ 1,200",107 m²,2,2,2,DAA41604,"*Guatemala, Ciudad",Zona 14,Attica II,https://maps.google.com/?q=%2C%2AGuatemala%2C+Ciudad
https://mapainmueble.com/properties/apartamento-en-renta-en-attica-z14-daa41582/,Alquiler,Apartamento,"$ 1,626",139 m²,2,3,2.5,DAA41582,"*Guatemala, Ciudad",Zona 14,Attica II,https://maps.google.com/?q=%2C%2AGuatemala%2C+Ciudad
https://mapainmueble.com/properties/renta-de-apartamento-en-zona-14-attica-daa41541/,Alquiler,Apartamento,"$ 1,600",139 m²,2,3,2.5,DAA41541,"*Guatemala, Ciudad",Zona 14,Attica II,https://maps.google.com/?q=%2C%2AGuatemala%2C+Ciudad
https://mapainmueble.com/properties/apartamento-zona-14-de-2-habitaciones-amueblado-daa41518/,Alquiler,Apartamento,"$ 1,946",228 m²,2,2,1,DAA41518,"*Guatemala, Ciudad",Zona 14,Quinta Avenida,https://maps.google.com/?q=%2C%2AGuatemala%2C+Ciudad
https://mapainmueble.com/properties/apto-polanco-zona-14-2-hab-daa41490/,Alquiler,Apartamento,"$ 1,100",96 m²,2,2,2.5,DAA41490,"*Guatemala, Ciudad",Zona 14,No disponible,https://maps.google.com/?q=%2C%2AGuatemala%2C+Ciudad
https://mapainmueble.com/properties/apartamento-en-alquiler-edificio-quinta-avenida-zona-14-codigo-8129822-daa41464/,Alquiler,Apartamento,"$ 1,950",228 m²,2,2,2.5,DAA41464,"*Guatemala, Ciudad",Zona 14,Quinta Avenida,https://maps.google.com/?q=%2C%2AGuatemala%2C+Ciudad
https://mapainmueble.com/properties/apartamento-en-alquiler-venta-edificio-casa-rialto-zona-14-codigo-7013341-daa41461/,Alquiler,Apartamento,"$ 1,500",86 m²,2,1,1.5,DAA41461,"*Guatemala, Ciudad",Zona 14,Casa Rialto,https://maps.google.com/?q=%2C%2AGuatemala%2C+Ciudad
https://mapainmueble.com/properties/apartamento-en-renta-zona-14-DAA41420/,Alquiler,Apartamento,"$ 1,300",No disponible,2,3,3,DAA41420,"*Guatemala, Ciudad",Zona 14,No disponible,https://maps.google.com/?q=%2C%2AGuatemala%2C+Ciudad
https://mapainmueble.com/properties/apartamento-en-alquiler-edificio-vila-catorce-zona-14-codigo-8141483-daa41381/,Alquiler,Apartamento,$ 700,36 m²,1,1,1,DAA41381,"*Guatemala, Ciudad",Zona 14,Vila Catorce,https://maps.google.com/?q=%2C%2AGuatemala%2C+Ciudad
https://mapainmueble.com/properties/apartamento-en-renta-para-estrenar-en-zona-13-daa41320/,Alquiler,Apartamento,"$ 1,100",105 m²,2,2,2,DAA41320,"*Guatemala, Ciudad",Zona 14,Artis,https://maps.google.com/?q=%2C%2AGuatemala%2C+Ciudad
https://mapainmueble.com/properties/apto-elegante-2-niveles-2-hab-villa-risho-z-14-daa41314/,Alquiler,Apartamento,"$ 2,200",200 m²,2,2,2.5,DAA41314,"*Guatemala, Ciudad",Zona 14,Villa Risho,https://maps.google.com/?q=Villa+Risho%2C+Zona+14%2C%2AGuatemala%2C+Ciudad
https://mapainmueble.com/properties/apartamento-en-alquiler-zona-14-la-villa-daa41273/,Alquiler,Apartamento,$ 950,87 m²,2,3,2,DAA41273,"*Guatemala, Ciudad",Zona 14,Garcés de La Villa,https://maps.google.com/?q=%2C%2AGuatemala%2C+Ciudad
https://mapainmueble.com/properties/alquiler-apartamento-villa-risho-daa41164/,Alquiler,Apartamento,"$ 2,200",200 m²,2,2,2.5,DAA41164,"*Guatemala, Ciudad",Zona 14,Villa Risho,https://maps.google.com/?q=%2C%2AGuatemala%2C+Ciudad
https://mapainmueble.com/properties/apartamento-en-renta-edificio-villa-mayor-zona-14-daa41189/,Alquiler,Apartamento,"$ 1,250",92 m²,2,1,1.5,DAA41189,"*Guatemala, Ciudad",Zona 14,No disponible,https://maps.google.com/?q=%2C%2AGuatemala%2C+Ciudad
https://mapainmueble.com/properties/alquilo-apartamento-zona-14-con-2-dormitorios-y-cuarto-de-servicio-DAA41167/,Alquiler,Apartamento,"$ 2,000",146 m²,2,2,2.5,DAA41167,"*Guatemala, Ciudad",Zona 14,Echo,https://maps.google.com/?q=Edificio+Echo%2C%2AGuatemala%2C+Ciudad
https://mapainmueble.com/properties/alquilo-apartamento-z-14-tres-habitaciones-CAA12746/,Alquiler,Apartamento,"$ 1,900",125 m²,2,3,3.5,CAA12746,"*Guatemala, Ciudad",Zona 14,No disponible,https://maps.google.com/?q=%2C%2AGuatemala%2C+Ciudad
https://mapainmueble.com/properties/apartamento-de-3-habitaciones-en-renta-en-echo-zona-14-daa41031/,Alquiler,Apartamento,"$ 795,000",225 m²,3,3,3.5,DAA41031,"*Guatemala, Ciudad",Zona 14,Echo,https://maps.google.com/?q=%2C%2AGuatemala%2C+Ciudad
https://mapainmueble.com/properties/apartamento-de-3-habitaciones-en-renta-en-echo-zona-14-DAA41032/,Alquiler,Apartamento,"$ 4,000",225 m²,3,3,3.5,DAA41032,"*Guatemala, Ciudad",Zona 14,Echo,https://maps.google.com/?q=%2C%2AGuatemala%2C+Ciudad
https://mapainmueble.com/properties/apartamento-en-alquiler-edificio-quinta-avenida-zona-14-n4-en-directo-3-daa40988/,Alquiler,Apartamento,"$ 1,950",228 m²,2,2,2.5,DAA40988,"*Guatemala, Ciudad",Zona 14,Quinta Avenida,https://maps.google.com/?q=%2C%2AGuatemala%2C+Ciudad
https://mapainmueble.com/properties/apartamento-en-alquiler-zona-14-echo-de-3-dormitorios-daa40659/,Alquiler,Apartamento,"$ 4,998",305 m²,3,3,3.5,DAA40659,"*Guatemala, Ciudad",Zona 14,Echo,https://maps.google.com/?q=%2C%2AGuatemala%2C+Ciudad
https://mapainmueble.com/properties/apartamento-en-alquiler-zona-14-edifico-echo-daa40538/,Alquiler,Apartamento,"$ 2,500",146 m²,2,2,2.5,DAA40538,"*Guatemala, Ciudad",Zona 14,Echo,https://maps.google.com/?q=zona+14%2C+Guatemala%2C%2AGuatemala%2C+Ciudad
https://mapainmueble.com/properties/citymax-diamond-real-estate-renta-apto-amueblado-equipado-en-zona-14-santorini-DAA40281/,Alquiler,Apartamento,"$ 1,050",90 m²,2,2,2,DAA40281,"*Guatemala, Ciudad",Zona 14,Santorini,https://maps.google.com/?q=Guatemala%2C+Guatemala+zona+14+SANTORINI++%2C%2AGuatemala%2C+Ciudad
https://mapainmueble.com/properties/zona-14-alquilo-apartamento-amueblado-DAA40104/,Alquiler,Apartamento,"$ 1,950",228 m²,2,2,3,DAA40104,"*Guatemala, Ciudad",Zona 14,No disponible,https://maps.google.com/?q=Zona+14+Excelente+Ubicacion%2C%2AGuatemala%2C+Ciudad
https://mapainmueble.com/properties/apartamento-en-renta-z-14-daa40088/,Alquiler,Apartamento,"$ 1,400",125 m²,2,2,2,DAA40088,"*Guatemala, Ciudad",Zona 14,No disponible,https://maps.google.com/?q=ZONA+14%2C%2AGuatemala%2C+Ciudad
https://mapainmueble.com/properties/apartamento-amueblado-en-casa-canada-zona-14-daa39608/,Alquiler,Apartamento,"$ 2,200",143 m²,2,3,2.5,DAA39608,"*Guatemala, Ciudad",Zona 14,Casa Cañada,https://maps.google.com/?q=%2C%2AGuatemala%2C+Ciudad
https://mapainmueble.com/properties/penthouse-con-terraza-en-avita-zona-14-daa39478/,Alquiler,Apartamento,"$ 7,500",614 m²,3,4,4.5,DAA39478,"*Guatemala, Ciudad",Zona 14,Avita,https://maps.google.com/?q=%2C%2AGuatemala%2C+Ciudad
https://mapainmueble.com/properties/apartamento-en-renta-y-venta-zona-14-daa39465/,Alquiler,Apartamento,"$ 2,600",272 m²,3,3,3.5,DAA39465,"*Guatemala, Ciudad",Zona 14,No disponible,https://maps.google.com/?q=%2C%2AGuatemala%2C+Ciudad
https://mapainmueble.com/properties/apartamento-amueblado-en-renta-sector-la-villa-zona-14-daa39215/,Alquiler,Apartamento,$ 900,101 m²,2,3,2,DAA39215,"*Guatemala, Ciudad",Zona 14,No disponible,https://maps.google.com/?q=%2C%2AGuatemala%2C+Ciudad
https://mapainmueble.com/properties/apartamento-zona-14-la-villa-pdp-caa11924/,Alquiler,Apartamento,"$ 1,200",183 m²,2,2,2.5,CAA11924,"*Guatemala, Ciudad",Zona 14,Benevento,https://maps.google.com/?q=%2C%2AGuatemala%2C+Ciudad
https://mapainmueble.com/properties/apartamento-en-renta-zona-14-tadeus-caa11906/,Alquiler,Apartamento,"$ 2,200",295 m²,2,2,3.5,CAA11906,"*Guatemala, Ciudad",Zona 14,Tadeus,https://maps.google.com/?q=%2C%2AGuatemala%2C+Ciudad
https://mapainmueble.com/properties/reserva-5ta-avenida-apartamento-en-renta-para-estrenar-DAA38915/,Alquiler,Apartamento,"$ 1,600",96 m²,2,3,2,DAA38915,"*Guatemala, Ciudad",Zona 14,No disponible,https://maps.google.com/?q=%2C%2AGuatemala%2C+Ciudad
https://mapainmueble.com/properties/apartamento-en-renta-en-zona-14-daa38877/,Alquiler,Apartamento,"$ 1,620",139 m²,2,3,3.5,DAA38877,"*Guatemala, Ciudad",Zona 14,No disponible,https://maps.google.com/?q=%2C%2AGuatemala%2C+Ciudad
https://mapainmueble.com/properties/alquilo-apartamento-tres-habitaciones-nivel-bajo-z-14-DAA38807/,Alquiler,Apartamento,"$ 1,400",139 m²,2,3,2.5,DAA38807,"*Guatemala, Ciudad",Zona 14,Attica,https://maps.google.com/?q=%2C%2AGuatemala%2C+Ciudad
https://mapainmueble.com/properties/apartamento-renta-en-zona-14-condado-la-villa-caa11869/,Alquiler,Apartamento,$ 950,110 m²,2,3,2,CAA11869,"*Guatemala, Ciudad",Zona 14,Condado La Villa,https://maps.google.com/?q=%2C%2AGuatemala%2C+Ciudad
https://mapainmueble.com/properties/apartamento-en-renta-zona-14-caa11840/,Alquiler,Apartamento,$ 950,98 m²,2,2,2,CAA11840,"*Guatemala, Ciudad",Zona 14,Torre 14,https://maps.google.com/?q=%2C%2AGuatemala%2C+Ciudad
https://mapainmueble.com/properties/apartamento-en-renta-zona-14-caa11839/,Alquiler,Apartamento,"$ 1,500",107 m²,2,3,2,CAA11839,"*Guatemala, Ciudad",Zona 14,Segheria,https://maps.google.com/?q=%2C%2AGuatemala%2C+Ciudad
https://mapainmueble.com/properties/apartamento-en-renta-zona-14-caa11838/,Alquiler,Apartamento,$ 950,110 m²,2,3,2,CAA11838,"*Guatemala, Ciudad",Zona 14,No disponible,https://maps.google.com/?q=%2C%2AGuatemala%2C+Ciudad
https://mapainmueble.com/properties/apartamento-en-renta-zona-14-daa38681/,Alquiler,Apartamento,"$ 1,600",200 m²,No disponible,3,2.5,DAA38681,"*Guatemala, Ciudad",Zona 14,No disponible,https://maps.google.com/?q=%2C%2AGuatemala%2C+Ciudad
https://mapainmueble.com/properties/apartamento-amuenlado-en-alquiler-zona-14-DAA38614/,Alquiler,Apartamento,$ 850,65 m²,1,1,1,DAA38614,"*Guatemala, Ciudad",Zona 14,Casa Alta,https://maps.google.com/?q=%2C%2AGuatemala%2C+Ciudad
https://mapainmueble.com/properties/rento-apartamento-en-edificio-plenum-catorce-5ta-avenida-zona-14-daa38530/,Alquiler,Apartamento,"$ 1,300",98 m²,2,2,2,DAA38530,"*Guatemala, Ciudad",Zona 14,Plenum 14,https://maps.google.com/?q=%2C%2AGuatemala%2C+Ciudad
https://mapainmueble.com/properties/alquiler-de-apartamento-tipo-lof-en-zona-14-edificio-torreon-daa38492/,Alquiler,Apartamento,$ 850,100 m²,1,1,1,DAA38492,"*Guatemala, Ciudad",Zona 14,No disponible,https://maps.google.com/?q=10+calle+3-44+Zona+14++Edificio+el+Torreon+%2C+Nivel+09%2C%2AGuatemala%2C+Ciudad
https://mapainmueble.com/properties/zona-14-apartamento-amplio-en-renta-en-edificio-tadeus-daa38462/,Alquiler,Apartamento,"$ 3,200",405 m²,2,3,3.5,DAA38462,"*Guatemala, Ciudad",Zona 14,Tadeus,https://maps.google.com/?q=%2C%2AGuatemala%2C+Ciudad
https://mapainmueble.com/properties/alquilo-apartamento-tres-habitaciones-zona-14-DAA38330/,Alquiler,Apartamento,"$ 1,200",110 m²,2,3,2,DAA38330,"*Guatemala, Ciudad",Zona 14,No disponible,https://maps.google.com/?q=%2C%2AGuatemala%2C+Ciudad
https://mapainmueble.com/properties/apartamento-en-edificio-piemonte-zona-14-daa38190/,Alquiler,Apartamento,"$ 1,400",141 m²,2,2,2,DAA38190,"*Guatemala, Ciudad",Zona 14,Piemonte,https://maps.google.com/?q=%2C%2AGuatemala%2C+Ciudad
https://mapainmueble.com/properties/renta-amplio-apartamento-en-zona-14-sector-la-noria-daa37987/,Alquiler,Apartamento,"$ 1,250",139 m²,2,3,2.5,DAA37987,"*Guatemala, Ciudad",Zona 14,No disponible,https://maps.google.com/?q=%2C%2AGuatemala%2C+Ciudad
https://mapainmueble.com/properties/en-alquiler-apartamento-amoblado-en-zona-14-edificio-benevento-daa37815/,Alquiler,Apartamento,$ 900,96 m²,2,1,2,DAA37815,"*Guatemala, Ciudad",Zona 14,Benevento,https://maps.google.com/?q=benevento%2C%2AGuatemala%2C+Ciudad
https://mapainmueble.com/properties/apartamento-amueblado-con-balcon-en-zona-14-daa37723/,Alquiler,Apartamento,$ 895,90 m²,No disponible,1,1,DAA37723,"*Guatemala, Ciudad",Zona 14,No disponible,https://maps.google.com/?q=Zona+14+Las+Conchas%2C%2AGuatemala%2C+Ciudad
https://mapainmueble.com/properties/apartamento-amueblado-en-zona-14-la-villa-daa37563/,Alquiler,Apartamento,"$ 1,000",80 m²,2,2,2,DAA37563,"*Guatemala, Ciudad",Zona 14,No disponible,https://maps.google.com/?q=%2C%2AGuatemala%2C+Ciudad
https://mapainmueble.com/properties/apartamento-en-renta-edificio-tadeus-zona-14-daa37543/,Alquiler,Apartamento,"$ 4,285",406 m²,2,3,3.5,DAA37543,"*Guatemala, Ciudad",Zona 14,No disponible,https://maps.google.com/?q=%2C%2AGuatemala%2C+Ciudad
https://mapainmueble.com/properties/alquilo-apartamento-zona-14-edificio-tadeus-2-dormitorios-daa37469/,Alquiler,Apartamento,"$ 2,974",290 m²,2,2,2.5,DAA37469,"*Guatemala, Ciudad",Zona 14,Tadeus,https://maps.google.com/?q=edificio+Tadeus+zona+14%2C%2AGuatemala%2C+Ciudad
https://mapainmueble.com/properties/apartamento-en-renta-zona-14-attica-DAA37441/,Alquiler,Apartamento,"$ 1,250",139 m²,2,3,2.5,DAA37441,"*Guatemala, Ciudad",Zona 14,Attica,https://maps.google.com/?q=%2C%2AGuatemala%2C+Ciudad
https://mapainmueble.com/properties/renta-venta-de-apartamento-moderno-en-el-corazon-de-z-14-sector-las-americas-daa41025/,Alquiler,Apartamento,"$ 1,550",95 m²,2,3,2,DAA41025,"*Guatemala, Ciudad",Zona 14,No disponible,https://maps.google.com/?q=%2C%2AGuatemala%2C+Ciudad
https://mapainmueble.com/properties/apartamento-amueblado-con-balcon-en-zona-14-DAA37319/,Alquiler,Apartamento,$ 895,90 m²,No disponible,1,1,DAA37319,"*Guatemala, Ciudad",Zona 14,No disponible,https://maps.google.com/?q=Zona+14%2C%2AGuatemala%2C+Ciudad
https://mapainmueble.com/properties/apartamento-de-3-habitaciones-amueblado-en-z14-caa11363/,Alquiler,Apartamento,"$ 1,300",120 m²,2,3,2,CAA11363,"*Guatemala, Ciudad",Zona 14,No disponible,https://maps.google.com/?q=%2C%2AGuatemala%2C+Ciudad
https://mapainmueble.com/properties/apartamento-en-renta-tadeus-zona-14-d-daa36705/,Alquiler,Apartamento,"$ 2,400",300 m²,2,1,2,DAA36705,"*Guatemala, Ciudad",Zona 14,Tadeus,https://maps.google.com/?q=%2C%2AGuatemala%2C+Ciudad
https://mapainmueble.com/properties/apartamento-en-santa-monica-zona-14-daa36623/,Alquiler,Apartamento,"$ 1,500",208 m²,2,2,2,DAA36623,"*Guatemala, Ciudad",Zona 14,No disponible,https://maps.google.com/?q=%2C%2AGuatemala%2C+Ciudad
https://mapainmueble.com/properties/apartamento-en-renta-attica-ii-daa36543/,Alquiler,Apartamento,"$ 1,680",193 m²,2,2,3.5,DAA36543,"*Guatemala, Ciudad",Zona 14,Attica II,https://maps.google.com/?q=%2C%2AGuatemala%2C+Ciudad
https://mapainmueble.com/properties/apartamento-en-venta-en-zona-14-daa36025/,Alquiler,Apartamento,"$ 160,260",81 m²,1,2,2,DAA36025,"*Guatemala, Ciudad",Zona 14,No disponible,https://maps.google.com/?q=Zona+14+ciudad+de+Guatemala%2C%2AGuatemala%2C+Ciudad
https://mapainmueble.com/properties/apartamento-en-renta-zona-14-una-habitacion-daa36024/,Alquiler,Apartamento,$ 641,130 m²,1,2,No disponible,DAA36024,"*Guatemala, Ciudad",Zona 14,No disponible,https://maps.google.com/?q=Zona+14+ciiudad+de+Guatemala%2C%2AGuatemala%2C+Ciudad
https://mapainmueble.com/properties/en-renta-apartamento-en-zona-14-amueblado-daa35920/,Alquiler,Apartamento,$ 900,96 m²,2,1,2,DAA35920,"*Guatemala, Ciudad",Zona 14,Benevento,https://maps.google.com/?q=%2C%2AGuatemala%2C+Ciudad
https://mapainmueble.com/properties/amueblado-2-habitaciones-zona-14-daa35743/,Alquiler,Apartamento,"$ 1,100",90 m²,2,2,2,DAA35743,"*Guatemala, Ciudad",Zona 14,Torre 14,https://maps.google.com/?q=%2C%2AGuatemala%2C+Ciudad
https://mapainmueble.com/properties/apartamento-en-renta-zona-14-daa35601/,Alquiler,Apartamento,"$ 1,600",200 m²,2,3,2.5,DAA35601,"*Guatemala, Ciudad",Zona 14,No disponible,https://maps.google.com/?q=%2C%2AGuatemala%2C+Ciudad
https://mapainmueble.com/properties/renta-apartamento-amueblado-zona-14-daa35379/,Alquiler,Apartamento,"$ 2,600",200 m²,2,4,3,DAA35379,"*Guatemala, Ciudad",Zona 14,No disponible,https://maps.google.com/?q=%2C%2AGuatemala%2C+Ciudad
https://mapainmueble.com/properties/apartamento-de-3-habitaciones-en-alquiler-zona-14-daa35061/,Alquiler,Apartamento,"$ 2,900",347 m²,2,3,2,DAA35061,"*Guatemala, Ciudad",Zona 14,No disponible,https://maps.google.com/?q=%2C%2AGuatemala%2C+Ciudad
https://mapainmueble.com/properties/apartamento-en-renta-noguchi-americas-zona-14-caa10544/,Alquiler,Apartamento,"$ 3,900",384 m²,3,3,3.5,CAA10544,"*Guatemala, Ciudad",Zona 14,Noguchi,https://maps.google.com/?q=Zona+14%2C+Guatemala%2C%2AGuatemala%2C+Ciudad
https://mapainmueble.com/properties/apartamento-en-alquiler-zona-14-de-3-dormitorios-de-375mts2-daa34911/,Alquiler,Apartamento,"$ 3,500",417 m²,3,3,4,DAA34911,"*Guatemala, Ciudad",Zona 14,Marqués del Valle,https://maps.google.com/?q=zona+14%2C+Guatemala%2C%2AGuatemala%2C+Ciudad
https://mapainmueble.com/properties/apartamento-en-alquiler-zona-14-sekkei-DAA34861/,Alquiler,Apartamento,"$ 3,250",250 m²,3,3,3.5,DAA34861,"*Guatemala, Ciudad",Zona 14,Sekkei,https://maps.google.com/?q=zona+14%2C+Guatemala%2C%2AGuatemala%2C+Ciudad
https://mapainmueble.com/properties/alquiler-de-apartamento-zona-14-amueblado-daa33803/,Alquiler,Apartamento,"$ 2,350",240 m²,3,3,3.5,DAA33803,"*Guatemala, Ciudad",Zona 14,No disponible,https://maps.google.com/?q=3ra+avenida+18-81+zona+14+edificio+Bellagio%2C%2AGuatemala%2C+Ciudad
https://mapainmueble.com/properties/renta-de-apartamento-en-zona-14-gaudi-daa33670/,Alquiler,Apartamento,"$ 4,675",591 m²,4,3,3.5,DAA33670,"*Guatemala, Ciudad",Zona 14,Gaudí,https://maps.google.com/?q=zona+14%2C%2AGuatemala%2C+Ciudad
https://mapainmueble.com/properties/apartamento-en-z14-amueblado-una-habitacion-CAA10005/,Alquiler,Apartamento,$ 850,65 m²,1,1,1,CAA10005,"*Guatemala, Ciudad",Zona 14,No disponible,https://maps.google.com/?q=%2C%2AGuatemala%2C+Ciudad
https://mapainmueble.com/properties/apartamento-en-alquiler-edificio-vila-catorce-zona-14-n1-en-directo-02-daa32336/,Alquiler,Apartamento,$ 950,66 m²,2,2,2,DAA32336,"*Guatemala, Ciudad",Zona 14,No disponible,https://maps.google.com/?q=%2C%2AGuatemala%2C+Ciudad
https://mapainmueble.com/properties/alquilo-apartamento-zona-14-villa-mayor-daa33429/,Alquiler,Apartamento,"$ 1,800",229 m²,3,3,4,DAA33429,"*Guatemala, Ciudad",Zona 14,No disponible,https://maps.google.com/?q=2da+calle+8-45+villa+mayor+Apto.+602+Z.14%2C%2AGuatemala%2C+Ciudad
https://mapainmueble.com/properties/apartamento-amueblado-el-sector-de-europlaza-zona-14-de-2-hab-agt704-daa33390/,Alquiler,Apartamento,$ 800,90 m²,2,2,2,DAA33390,"*Guatemala, Ciudad",Zona 14,Santorini,https://maps.google.com/?q=Guatemala%2C%2AGuatemala%2C+Ciudad
https://mapainmueble.com/properties/apartamento-renta-zona-14-daa33150/,Alquiler,Apartamento,"$ 3,250",325 m²,3,3,3.5,DAA33150,"*Guatemala, Ciudad",Zona 14,Sekkei,https://maps.google.com/?q=ZONA+14%2C%2AGuatemala%2C+Ciudad
https://mapainmueble.com/properties/alquiler-de-apartamento-en-zona-14-de-2-dormitorios-y-dormitorio-de-servicio-daa29717/,Alquiler,Apartamento,"$ 1,300",257 m²,2,2,2.5,DAA29717,"*Guatemala, Ciudad",Zona 14,No disponible,https://maps.google.com/?q=%2C%2AGuatemala%2C+Ciudad
https://mapainmueble.com/properties/apartamento-en-alquiler-edificio-terazu-zona-14-caa9077/,Alquiler,Apartamento,"$ 3,900",329 m²,3,3,3.5,CAA9077,"*Guatemala, Ciudad",Zona 14,No disponible,https://maps.google.com/?q=%2C%2AGuatemala%2C+Ciudad
https://mapainmueble.com/properties/alquilo-zona-14-apartamento-amueblado-en-ultimo-nivel-DAA29397/,Alquiler,Apartamento,"$ 2,800",230 m²,3,3,4.5,DAA29397,"*Guatemala, Ciudad",Zona 14,Villalbosque,https://maps.google.com/?q=Villalbosque%2C%2AGuatemala%2C+Ciudad
https://mapainmueble.com/properties/apartamento-en-condado-la-villa-la-villa-cerca-del-club-la-villa-y-delfines-esports-zona-14-de-2-habitaciones-agt1958-daa29365/,Alquiler,Apartamento,"$ 5,800",85 m²,2,2,2,DAA29365,"*Guatemala, Ciudad",Zona 14,Condado La Villa,https://maps.google.com/?q=Guatemala%2C%2AGuatemala%2C+Ciudad
https://mapainmueble.com/properties/apartamento-en-segheria-amplio-en-la-villa-con-vista-desde-nivel-alto-zona-14-de-3-habitaciones-agt1959-daa29364/,Alquiler,Apartamento,"$ 1,300",140 m²,2,3,2.5,DAA29364,"*Guatemala, Ciudad",Zona 14,Segheria,https://maps.google.com/?q=Guatemala%2C%2AGuatemala%2C+Ciudad
https://mapainmueble.com/properties/apartamento-en-segheria-apartamentos-la-villa-al-final-de-la-14-avenida-zona-14-de-3-habitaciones-agt1899-daa27778/,Alquiler,Apartamento,"$ 1,100",136 m²,2,3,2.5,DAA27778,"*Guatemala, Ciudad",Zona 14,Segheria,https://maps.google.com/?q=%2C%2AGuatemala%2C+Ciudad
https://mapainmueble.com/properties/apartamento-en-segheria-apartamentos-la-villa-al-final-de-la-14-avenida-zona-14-de-3-habitaciones-agt1899-daa27579/,Alquiler,Apartamento,"$ 1,100",135 m²,2,3,2,DAA27579,"*Guatemala, Ciudad",Zona 14,Segheria,https://maps.google.com/?q=%2C%2AGuatemala%2C+Ciudad
https://mapainmueble.com/properties/apartamento-en-segheria-apartamentos-la-villa-al-final-14-avenida-zona-14-de-3-habitaciones-agt1899-daa27506/,Alquiler,Apartamento,"$ 1,100",136 m²,2,3,2.5,DAA27506,"*Guatemala, Ciudad",Zona 14,Segheria,https://maps.google.com/?q=%2C%2AGuatemala%2C+Ciudad
https://mapainmueble.com/properties/apartamento-renta-tiffany-zona-14-DAA27404/,Alquiler,Apartamento,"$ 1,600",136 m²,2,2,2,DAA27404,"*Guatemala, Ciudad",Zona 14,Tiffany Cañada,https://maps.google.com/?q=%2C%2AGuatemala%2C+Ciudad
https://mapainmueble.com/properties/apartamento-renta-tiffany-zona-14-DAA27404/,Alquiler,Apartamento,"$ 1,600",136 m²,2,2,2,DAA27404,"*Guatemala, Ciudad",Zona 14,Tiffany Cañada,https://maps.google.com/?q=%2C%2AGuatemala%2C+Ciudad
https://mapainmueble.com/properties/apartamento-en-garces-de-la-villa-la-villa-zona-14-de-3-habitaciones-agt1888-daa27317/,Alquiler,Apartamento,$ 805,89 m²,2,3,2,DAA27317,"*Guatemala, Ciudad",Zona 14,Garcés de La Villa,https://maps.google.com/?q=%2C%2AGuatemala%2C+Ciudad
https://mapainmueble.com/properties/apartamento-en-renta-para-estrenar-en-casa-roble-zona-14-daa27067/,Alquiler,Apartamento,"$ 1,650",130 m²,No disponible,3,3,DAA27067,"*Guatemala, Ciudad",Zona 14,Casa Roble,https://maps.google.com/?q=%2C%2AGuatemala%2C+Ciudad
https://mapainmueble.com/properties/apartamento-en-tadeus-la-zona-mas-privilegiada-y-exclusiva-de-guatemala-zona-14-de-2-habitaciones-agt976-daa27055/,Alquiler,Apartamento,"$ 2,200",308 m²,No disponible,2,2.5,DAA27055,"*Guatemala, Ciudad",Zona 14,Tadeus,https://maps.google.com/?q=%2C%2AGuatemala%2C+Ciudad
https://mapainmueble.com/properties/apartamento-en-tadeus-la-zona-mas-privilegiada-y-exclusiva-de-guatemala-zona-14-de-2-habitaciones-agt976-daa27054/,Alquiler,Apartamento,"$ 2,200",308 m²,2,2,3,DAA27054,"*Guatemala, Ciudad",Zona 14,Tadeus,https://maps.google.com/?q=%2C%2AGuatemala%2C+Ciudad
https://mapainmueble.com/properties/apartamento-en-alquiler-zona-14-amueblado-de-3-dormitorios-daa26798/,Alquiler,Apartamento,"$ 2,600",255 m²,2,3,3.5,DAA26798,"*Guatemala, Ciudad",Zona 14,Arcángel Miguel,https://maps.google.com/?q=zona+14%2C+Guatemala%2C%2AGuatemala%2C+Ciudad
https://mapainmueble.com/properties/apartamento-en-edificio-segheria-la-villa-al-final-de-la-14-avenida-zona-14-de-2-habitaciones-agt1840-daa26536/,Alquiler,Apartamento,"$ 1,050",No disponible,2,2,2,DAA26536,"*Guatemala, Ciudad",Zona 14,Segheria,https://maps.google.com/?q=Guatemala%2C%2AGuatemala%2C+Ciudad
https://mapainmueble.com/properties/apartamento-en-edificio-segheria-la-villa-al-final-de-la-14-avenida-zona-14-de-2-habitaciones-agt1840-daa26506/,Alquiler,Apartamento,"$ 1,050",107 m²,2,2,2,DAA26506,"*Guatemala, Ciudad",Zona 14,Segheria,https://maps.google.com/?q=La+Villa%2C+10A+Calle+14%2C+Cdad.+de+Guatemala+01014%2C%2AGuatemala%2C+Ciudad
https://mapainmueble.com/properties/apartamento-de-1-habitacion-duplex-daa26240/,Alquiler,Apartamento,$ 950,98 m²,2,1,1.5,DAA26240,"*Guatemala, Ciudad",Zona 14,No disponible,https://maps.google.com/?q=Zona+14+%2C%2AGuatemala%2C+Ciudad
https://mapainmueble.com/properties/apartamento-en-segheria-apartamentos-la-villa-al-final-de-la-14-avenida-zona-14-de-3-habitaciones-agt1899-daa27579/,Alquiler,Apartamento,"$ 1,100",135 m²,2,3,2,DAA27579,"*Guatemala, Ciudad",Zona 14,Segheria,https://maps.google.com/?q=%2C%2AGuatemala%2C+Ciudad
https://mapainmueble.com/properties/apartamento-en-segheria-apartamentos-la-villa-al-final-14-avenida-zona-14-de-3-habitaciones-agt1899-daa27506/,Alquiler,Apartamento,"$ 1,100",136 m²,2,3,2.5,DAA27506,"*Guatemala, Ciudad",Zona 14,Segheria,https://maps.google.com/?q=%2C%2AGuatemala%2C+Ciudad
https://mapainmueble.com/properties/apartamento-renta-tiffany-zona-14-DAA27404/,Alquiler,Apartamento,"$ 1,600",136 m²,2,2,2,DAA27404,"*Guatemala, Ciudad",Zona 14,Tiffany Cañada,https://maps.google.com/?q=%2C%2AGuatemala%2C+Ciudad
https://mapainmueble.com/properties/apartamento-en-garces-de-la-villa-la-villa-zona-14-de-3-habitaciones-agt1888-daa27317/,Alquiler,Apartamento,$ 805,89 m²,2,3,2,DAA27317,"*Guatemala, Ciudad",Zona 14,Garcés de La Villa,https://maps.google.com/?q=%2C%2AGuatemala%2C+Ciudad
https://mapainmueble.com/properties/apartamento-en-renta-para-estrenar-en-casa-roble-zona-14-daa27067/,Alquiler,Apartamento,"$ 1,650",130 m²,No disponible,3,3,DAA27067,"*Guatemala, Ciudad",Zona 14,Casa Roble,https://maps.google.com/?q=%2C%2AGuatemala%2C+Ciudad
https://mapainmueble.com/properties/apartamento-en-tadeus-la-zona-mas-privilegiada-y-exclusiva-de-guatemala-zona-14-de-2-habitaciones-agt976-daa27055/,Alquiler,Apartamento,"$ 2,200",308 m²,No disponible,2,2.5,DAA27055,"*Guatemala, Ciudad",Zona 14,Tadeus,https://maps.google.com/?q=%2C%2AGuatemala%2C+Ciudad
https://mapainmueble.com/properties/apartamento-en-tadeus-la-zona-mas-privilegiada-y-exclusiva-de-guatemala-zona-14-de-2-habitaciones-agt976-daa27054/,Alquiler,Apartamento,"$ 2,200",308 m²,2,2,3,DAA27054,"*Guatemala, Ciudad",Zona 14,Tadeus,https://maps.google.com/?q=%2C%2AGuatemala%2C+Ciudad
https://mapainmueble.com/properties/apartamento-en-alquiler-zona-14-amueblado-de-3-dormitorios-daa26798/,Alquiler,Apartamento,"$ 2,600",255 m²,2,3,3.5,DAA26798,"*Guatemala, Ciudad",Zona 14,Arcángel Miguel,https://maps.google.com/?q=zona+14%2C+Guatemala%2C%2AGuatemala%2C+Ciudad
https://mapainmueble.com/properties/apartamento-en-edificio-segheria-la-villa-al-final-de-la-14-avenida-zona-14-de-2-habitaciones-agt1840-daa26536/,Alquiler,Apartamento,"$ 1,050",No disponible,2,2,2,DAA26536,"*Guatemala, Ciudad",Zona 14,Segheria,https://maps.google.com/?q=Guatemala%2C%2AGuatemala%2C+Ciudad
https://mapainmueble.com/properties/apartamento-renta-o-venta-zona-14-DAA25440/,Alquiler,Apartamento,"$ 3,000",323 m²,3,3,4,DAA25440,"*Guatemala, Ciudad",Zona 14,Gaudí,https://maps.google.com/?q=%2C%2AGuatemala%2C+Ciudad
https://mapainmueble.com/properties/apartamento-renta-zona-14-CAA8135/,Alquiler,Apartamento,"$ 1,100",No disponible,2,2,2.5,CAA8135,"*Guatemala, Ciudad",Zona 14,Plenum 14,https://maps.google.com/?q=%2C%2AGuatemala%2C+Ciudad
https://mapainmueble.com/properties/apartamento-zona-14-renta-CAA8129/,Alquiler,Apartamento,"$ 1,201",199 m²,2,3,2.5,CAA8129,"*Guatemala, Ciudad",Zona 14,Real de Las Américas,https://maps.google.com/?q=%2C%2AGuatemala%2C+Ciudad
https://mapainmueble.com/properties/apartamento-en-alquiler-edificio-exendra-zona-14-caa8128/,Alquiler,Apartamento,"$ 1,100",165 m²,2,2,2.5,CAA8128,"*Guatemala, Ciudad",Zona 14,Exedra,https://maps.google.com/?q=%2C%2AGuatemala%2C+Ciudad
https://mapainmueble.com/properties/apartamento-en-renta-zona-14-de-lujo-con-3-habitaciones-daa25259/,Alquiler,Apartamento,"$ 3,000",250 m²,3,3,3.5,DAA25259,"*Guatemala, Ciudad",Zona 14,No disponible,https://maps.google.com/?q=zona+14%2C%2AGuatemala%2C+Ciudad
https://mapainmueble.com/properties/apartamento-en-tadeus-la-zona-mas-privilegiada-y-exclusiva-de-guatemala-zona-14-de-3-habitaciones-agt901-daa25207/,Alquiler,Apartamento,"$ 3,328",405 m²,No disponible,2,3,DAA25207,"*Guatemala, Ciudad",Zona 14,No disponible,https://maps.google.com/?q=%2C%2AGuatemala%2C+Ciudad
https://mapainmueble.com/properties/apartamento-tiffany-zona-14-DAA24952/,Alquiler,Apartamento,"$ 2,300",220 m²,3,3,3,DAA24952,"*Guatemala, Ciudad",Zona 14,No disponible,https://maps.google.com/?q=%2C%2AGuatemala%2C+Ciudad
https://mapainmueble.com/properties/apartamento-de-dos-habitaciones-en-zona-14-daa24868/,Alquiler,Apartamento,$ 686,85 m²,2,2,2.5,DAA24868,"*Guatemala, Ciudad",Zona 14,No disponible,https://maps.google.com/?q=Zona14%2C%2AGuatemala%2C+Ciudad
https://mapainmueble.com/properties/renta-noughi-zona-14-DAA24790/,Alquiler,Apartamento,"$ 3,000",300 m²,2,3,4,DAA24790,"*Guatemala, Ciudad",Zona 14,Noguchi,https://maps.google.com/?q=%2C%2AGuatemala%2C+Ciudad
https://mapainmueble.com/properties/apartamento-amueblado-en-renta-zona-14-daa24696/,Alquiler,Apartamento,$ 900,76 m²,2,2,1,DAA24696,"*Guatemala, Ciudad",Zona 14,No disponible,https://maps.google.com/?q=%2C%2AGuatemala%2C+Ciudad
https://mapainmueble.com/properties/apartamento-amueblado-en-renta-attica-zona-14-daa24251/,Alquiler,Apartamento,"$ 1,650",No disponible,2,3,3,DAA24251,"*Guatemala, Ciudad",Zona 14,No disponible,https://maps.google.com/?q=%2C%2AGuatemala%2C+Ciudad
https://mapainmueble.com/properties/apartamento-en-alquiler-zona-14-de-3-habitaciones-guadi-daa24008/,Alquiler,Apartamento,"$ 3,500",328 m²,3,3,3.5,DAA24008,"*Guatemala, Ciudad",Zona 14,Gaudí,https://maps.google.com/?q=zona+14%2C+Guatemala%2C%2AGuatemala%2C+Ciudad
https://mapainmueble.com/properties/tadeus-zona-14-alquiler-daa42109/,Alquiler,Apartamento,"$ 3,585",406 m²,2,3,3.5,DAA42109,"*Guatemala, Ciudad",Zona 14,Tadeus,https://maps.google.com/?q=1+avenida+9+calle+zona+14%2C%2AGuatemala%2C+Ciudad
https://mapainmueble.com/properties/apartamento-de-3-habitaciones-amubladoben-z14-daa23875/,Alquiler,Apartamento,"$ 1,300",103 m²,2,3,2.5,DAA23875,"*Guatemala, Ciudad",Zona 14,No disponible,https://maps.google.com/?q=%2C%2AGuatemala%2C+Ciudad
https://mapainmueble.com/properties/apartamento-en-venta-zona-14-daa23702/,Alquiler,Apartamento,"$ 586,400",308 m²,2,2,2.5,DAA23702,"*Guatemala, Ciudad",Zona 14,No disponible,https://maps.google.com/?q=Zona+14%2C%2AGuatemala%2C+Ciudad
https://mapainmueble.com/properties/apartamento-en-alquiler-zona-14-tiffany-quinta-avenida-DAA23516/,Alquiler,Apartamento,"$ 1,800",125 m²,2,2,2,DAA23516,"*Guatemala, Ciudad",Zona 14,Tiffany 5ta Avenida,https://maps.google.com/?q=zona+14%2C+Guatemala%2C%2AGuatemala%2C+Ciudad
https://mapainmueble.com/properties/apartamento-amueblado-de-3-habitaciones-en-zona-14-daa23403/,Alquiler,Apartamento,"$ 1,000",225 m²,2,3,3.5,DAA23403,"*Guatemala, Ciudad",Zona 14,No disponible,https://maps.google.com/?q=Zona+14%2C%2AGuatemala%2C+Ciudad
https://mapainmueble.com/properties/apartamento-en-renta-segheria-z-14-daa23367/,Alquiler,Apartamento,"$ 1,200",141 m²,2,3,2.5,DAA23367,"*Guatemala, Ciudad",Zona 14,Segheria,https://maps.google.com/?q=%2C%2AGuatemala%2C+Ciudad
https://mapainmueble.com/properties/apartamento-en-alquiler-amueblado-de-una-habitacion-en-z14-daa22989/,Alquiler,Apartamento,"$ 1,000",No disponible,2,1,1.5,DAA22989,"*Guatemala, Ciudad",Zona 14,No disponible,https://maps.google.com/?q=Zona+14+%2C%2AGuatemala%2C+Ciudad
https://mapainmueble.com/properties/apartamento-de-dos-habitaciones-en-zona-14-DAA22948/,Alquiler,Apartamento,$ 950,72 m²,2,2,2.5,DAA22948,"*Guatemala, Ciudad",Zona 14,No disponible,https://maps.google.com/?q=%2C%2AGuatemala%2C+Ciudad
https://mapainmueble.com/properties/zona-14-amueblado-3-habitaciones-daa22319/,Alquiler,Apartamento,"$ 1,200",115 m²,2,3,2,DAA22319,"*Guatemala, Ciudad",Zona 14,No disponible,https://maps.google.com/?q=%2C%2AGuatemala%2C+Ciudad
https://mapainmueble.com/properties/apartamento-en-sector-exclusivo-de-zona-14-con-vista-a-la-ciudad-daa21953/,Alquiler,Apartamento,"$ 5,000",305 m²,3,3,3.5,DAA21953,"*Guatemala, Ciudad",Zona 14,No disponible,https://maps.google.com/?q=%2C%2AGuatemala%2C+Ciudad
https://mapainmueble.com/properties/apartamento-en-alquiler-2-dormitorios-daa21718/,Alquiler,Apartamento,"$ 1,650",160 m²,2,2,2.5,DAA21718,"*Guatemala, Ciudad",Zona 14,Santa Inés,https://maps.google.com/?q=%2C%2AGuatemala%2C+Ciudad
https://mapainmueble.com/properties/apartamento-amueblado-en-alquiler-z-14-daa20725/,Alquiler,Apartamento,"$ 2,200",350 m²,No disponible,2,2.5,DAA20725,"*Guatemala, Ciudad",Zona 14,No disponible,https://maps.google.com/?q=%2C%2AGuatemala%2C+Ciudad
https://mapainmueble.com/properties/apartamento-amueblado-en-alquiler-daa20722/,Alquiler,Apartamento,"$ 3,600",500 m²,4,4,4,DAA20722,"*Guatemala, Ciudad",Zona 14,No disponible,https://maps.google.com/?q=%2C%2AGuatemala%2C+Ciudad
https://mapainmueble.com/properties/apartamento-en-renta-zona-14-amueblado-de-3-dormitorios-santa-ines-DAA20134/,Alquiler,Apartamento,"$ 4,000",225 m²,3,3,3.5,DAA20134,"*Guatemala, Ciudad",Zona 14,Echo,https://maps.google.com/?q=zona+14%2C+Guatemala%2C%2AGuatemala%2C+Ciudad
https://mapainmueble.com/properties/apartamento-en-renta-la-villa-zona14-excelente-precio-DAA19778/,Alquiler,Apartamento,"$ 1,000",98 m²,2,3,2,DAA19778,"*Guatemala, Ciudad",Zona 14,La Villa,https://maps.google.com/?q=%2C%2AGuatemala%2C+Ciudad
https://mapainmueble.com/properties/alquilo-apartamento-zona-14-amueblado-y-equipado-de-dos-dormitorios-y-dormitorio-de-servicio-daa13616/,Alquiler,Apartamento,$ 750,No disponible,2,2,3,DAA13616,"*Guatemala, Ciudad",Zona 14,No disponible,https://maps.google.com/?q=%2C%2AGuatemala%2C+Ciudad
https://mapainmueble.com/properties/alquilo-apartamento-zona-14-de-tres-dormitorios-y-dormitorio-de-servicio-6/,Alquiler,Apartamento,"$ 1,300",220 m²,3,3,2.5,DAA12273,"*Guatemala, Ciudad",Zona 14,No disponible,https://maps.google.com/?q=%2C%2AGuatemala%2C+Ciudad
https://mapainmueble.com/properties/alquilo-apartamento-zona-14-amplio-y-lindo-de-400-mt2/,Alquiler,Apartamento,$ 750,No disponible,1,1,1,DAA11788,"*Guatemala, Ciudad",Zona 14,No disponible,https://maps.google.com/?q=%2C%2AGuatemala%2C+Ciudad
https://mapainmueble.com/properties/alquilo-apartamento-zona-14-azure-katorce-de-tres-dormitorios-en-nivel-bajo/,Alquiler,Apartamento,"$ 1,650",174 m²,3,3,3.5,DAA10978,"*Guatemala, Ciudad",Zona 14,No disponible,https://maps.google.com/?q=%2C%2AGuatemala%2C+Ciudad
https://mapainmueble.com/properties/hermoso-apartamento-en-zona-14-5/,Alquiler,Apartamento,$ 667,80 m²,2,3,2,No disponible,"*Guatemala, Ciudad",Zona 14,*Otro / No especificar,https://maps.google.com/?q=Zona+14%2C%2AGuatemala%2C+Ciudad
https://mapainmueble.com/properties/guatemala-4/,Alquiler,Apartamento,"$ 1,300",120 m²,2,2,2,No disponible,"*Guatemala, Ciudad",Zona 14,*Otro / No especificar,https://maps.google.com/?q=Zona+14%2C%2AGuatemala%2C+Ciudad
https://mapainmueble.com/properties/hermoso-apartamento-en-zona-14-4/,Alquiler,Apartamento,$ 850,85 m²,2,3,2,No disponible,"*Guatemala, Ciudad",Zona 14,*Otro / No especificar,https://maps.google.com/?q=Zona+14%2C%2AGuatemala%2C+Ciudad
https://mapainmueble.com/properties/apartamento-en-renta-ubicado-en-zona-14-29/,Alquiler,Apartamento,"$ 1,100",114 m²,2,3,2.5,No disponible,"*Guatemala, Ciudad",Zona 14,*Otro / No especificar,https://maps.google.com/?q=Zona+14%2C+Ciudad+Guatemala%2C%2AGuatemala%2C+Ciudad
https://mapainmueble.com/properties/hermoso-apartamento-en-zona-14-3/,Alquiler,Apartamento,"$ 3,000",284 m²,2,3,3,No disponible,"*Guatemala, Ciudad",Zona 14,*Otro / No especificar,https://maps.google.com/?q=Zona+14%2C%2AGuatemala%2C+Ciudad
https://mapainmueble.com/properties/apartamento-en-renta-ubicado-en-zona-14-28/,Alquiler,Apartamento,"$ 1,100",114 m²,2,3,2.5,No disponible,"*Guatemala, Ciudad",Zona 14,*Otro / No especificar,https://maps.google.com/?q=Zona+14%2C+Ciudad+Guatemala%2C%2AGuatemala%2C+Ciudad
https://mapainmueble.com/properties/apartamento-en-renta-ubicado-en-zona-14-27/,Alquiler,Apartamento,"$ 1,100",114 m²,2,3,2.5,No disponible,"*Guatemala, Ciudad",Zona 14,*Otro / No especificar,https://maps.google.com/?q=Zona+14%2C+Ciudad+Guatemala%2C%2AGuatemala%2C+Ciudad
